{
"input_si_sdr": -0.058433172293007374,
"input_sdr": 0.07907858995239339,
"input_sir": 0.07907942522356025,
"input_sar": 70.20964402121099,
"input_stoi": 0.765498281574109,
"si_sdr": 10.584752082824707,
"sdr": 11.005852269025159,
"sir": 18.83439581627652,
"sar": 11.930931525850319,
"stoi": 0.9132056676003326,
"mix_path": "/dtu-compute/LibriMix/rmth/Libri2Mix/wav8k/max/test/mix_clean/61-70968-0029_8463-294825-0012.wav",
"input_wer": 0.7692307692307693,
"clean_wer": 0.07692307692307693,
"wer": 0.07692307692307693
}