{
"input_si_sdr": 0.020987749099731445,
"input_sdr": 0.2435035426118839,
"input_sir": 0.2435072501896829,
"input_sar": 66.9750444157833,
"input_stoi": 0.6627362965631223,
"si_sdr": 6.113502025604248,
"sdr": 6.756127210241435,
"sir": 12.033544255700019,
"sar": 12.123543488377488,
"stoi": 0.7316669746722146,
"mix_path": "/dtu-compute/LibriMix/rmth/Libri2Mix/wav8k/max/test/mix_clean/1188-133604-0017_6930-81414-0007.wav"
}