{
"input_si_sdr": 0.10666990280151367,
"input_sdr": 0.21445368552847532,
"input_sir": 0.21445418399402572,
"input_sar": 73.38904544562584,
"input_stoi": 0.781999623997311,
"si_sdr": 7.669780969619751,
"sdr": 8.455823189817867,
"sir": 14.363149474074815,
"sar": 10.717260941431466,
"stoi": 0.814741558482521,
"mix_path": "/dtu-compute/LibriMix/rmth/Libri2Mix/wav8k/max/test/mix_clean/1580-141084-0010_3570-5696-0002.wav",
"input_wer": 1.542857142857143,
"clean_wer": 0.2,
"wer": 1.1714285714285715
}