{
"input_si_sdr": 0.0417022705078125,
"input_sdr": 0.09640840188953581,
"input_sir": 0.0964091821462234,
"input_sar": 70.64988025649438,
"input_stoi": 0.8210296362157932,
"si_sdr": 1.3468029499053955,
"sdr": 1.5996037322268646,
"sir": 3.483896511241335,
"sar": 8.470243350407312,
"stoi": 0.834197932498662,
"mix_path": "/dtu-compute/LibriMix/rmth/Libri2Mix/wav8k/max/test/mix_clean/8463-294828-0003_4992-41797-0006.wav",
"input_wer": 1.2857142857142858,
"clean_wer": 0.2,
"wer": 1.2285714285714286
}