{
"input_si_sdr": 0.012778520584106445,
"input_sdr": 0.09229827597001106,
"input_sir": 0.09230034539173326,
"input_sar": 66.39694225463886,
"input_stoi": 0.7300837271922702,
"si_sdr": 0.7053475975990295,
"sdr": 1.0985880586849581,
"sir": 2.581426471826078,
"sar": 10.266533908363577,
"stoi": 0.7042389818741002,
"mix_path": "/dtu-compute/LibriMix/rmth/Libri2Mix/wav8k/max/test/mix_clean/1995-1837-0027_4970-29095-0022.wav",
"input_wer": 1.1290322580645162,
"clean_wer": 0.06451612903225806,
"wer": 1.0
}