,input_si_sdr,input_sdr,input_sir,input_sar,input_stoi,si_sdr,sdr,sir,sar,stoi,mix_path
0,-0.04501044750213623,0.09147522948278008,0.0914762644569127,69.72580184286622,0.8145682700561028,-3.4368847608566284,-2.232781063709717,0.400978511915292,4.329690989449052,0.6505495783796591,./data/wav8k/max/test/mix_clean/1089-134686-0000_61-70968-0047.wav
1,-0.07532835006713867,-0.017939195015541642,-0.017938042745010208,70.1555701689894,0.7154511626424557,-4.756602827459574,-3.043528192709043,0.32278992506084947,4.16296651797571,0.5793723260367156,./data/wav8k/max/test/mix_clean/1089-134686-0000_121-127105-0031.wav
2,0.08831262588500977,0.2139293275681915,0.21393137637395299,70.36057012148089,0.7824186042843003,-4.883461892604828,-3.48689499784542,0.7554057708547601,4.232827785158276,0.6350762809503893,./data/wav8k/max/test/mix_clean/1089-134686-0000_260-123440-0016.wav
3,0.03023427724838257,0.08355047961735695,0.08355103576507161,72.19497470286599,0.7779346729193944,-3.0033646523952484,-2.0672438461380573,0.26553182512112006,4.969438417442354,0.5937039658672416,./data/wav8k/max/test/mix_clean/1089-134686-0002_7729-102255-0037.wav
4,0.08093631267547607,0.22672505532127174,0.22672619124091653,69.07653179391336,0.7509875634598459,-3.2557562589645386,-1.9354426709905919,0.47092197341035325,4.597698601415463,0.6561660737330843,./data/wav8k/max/test/mix_clean/1089-134686-0004_1284-1180-0027.wav
