{
"si_sdr": -3.8672140784561635,
"si_sdr_imp": -3.8830429621040823,
"sdr": -2.553178154278566,
"sdr_imp": -2.6727263336733778,
"sir": 0.44312560127247497,
"sir_imp": 0.32357623625410625,
"sar": 4.458524462288171,
"sar_imp": -65.84416526373501,
"stoi": 0.622973644993418,
"stoi_imp": -0.14529840967900182
}