{
"input_si_sdr": 0.020114660263061523,
"input_sdr": 0.099699906335033,
"input_sir": 0.09970071393206137,
"input_sar": 70.77517921872122,
"input_stoi": 0.7452599834614209,
"si_sdr": 8.275383234024048,
"sdr": 8.705194105382068,
"sir": 15.026703411103298,
"sar": 10.02306595951369,
"stoi": 0.8571659727458738,
"mix_path": "/dtu-compute/LibriMix/rmth/Libri2Mix/wav8k/max/test/mix_clean/61-70970-0035_5142-33396-0012.wav",
"input_wer": 1.0731707317073171,
"clean_wer": 0.0975609756097561,
"wer": 0.7804878048780488
}