{
"input_si_sdr": -0.0014073848724365234,
"input_sdr": 0.05218542193564568,
"input_sir": 0.05218689177470748,
"input_sar": 68.21301384218532,
"input_stoi": 0.7533974136371526,
"si_sdr": 11.992047309875488,
"sdr": 12.404912417566852,
"sir": 20.942689001084734,
"sar": 13.13572625645251,
"stoi": 0.8891633720593417,
"mix_path": "/dtu-compute/LibriMix/rmth/Libri2Mix/wav8k/max/test/mix_clean/4507-16021-0046_121-127105-0023.wav",
"input_wer": 1.0,
"clean_wer": 0.025,
"wer": 0.25
}