{
"si_sdr": 4.268884629344007,
"si_sdr_imp": 4.268731109067218,
"sdr": 4.70423545432184,
"sdr_imp": 4.568342715305292,
"sir": 8.439097761496045,
"sir_imp": 8.303203358912487,
"sar": 9.3625678034213,
"sar_imp": -59.564633710945756,
"stoi": 0.8094601762418133,
"stoi_imp": 0.046437653037456006,
"wer": 0.7196780616612137,
"wer_imp": -0.30001662207814095
}