{
"input_si_sdr": 0.02465265989303589,
"input_sdr": 0.13006056898349216,
"input_sir": 0.13006118595870064,
"input_sar": 71.69627710125881,
"input_stoi": 0.8809225734451862,
"si_sdr": -0.4911840707063675,
"sdr": -0.1196665798997527,
"sir": 3.1685847139629866,
"sar": 8.440467425188796,
"stoi": 0.8011724970587707,
"mix_path": "/dtu-compute/LibriMix/rmth/Libri2Mix/wav8k/max/test/mix_clean/8230-279154-0029_61-70970-0032.wav",
"input_wer": 0.8529411764705882,
"clean_wer": 0.058823529411764705,
"wer": 0.7352941176470589
}