{
"input_si_sdr": 0.06691084057092667,
"input_sdr": 0.12058562072053405,
"input_sir": 0.12058649622911613,
"input_sar": 70.02805556805893,
"input_stoi": 0.7829532280543277,
"si_sdr": 6.600264310836792,
"sdr": 7.181294786040159,
"sir": 14.767592493423987,
"sar": 9.494233711174783,
"stoi": 0.8380462830035444,
"mix_path": "/dtu-compute/LibriMix/rmth/Libri2Mix/wav8k/max/test/mix_clean/8230-279154-0015_1221-135767-0002.wav",
"input_wer": 0.8852459016393442,
"clean_wer": 0.06557377049180328,
"wer": 0.6721311475409836
}