{
"input_si_sdr": 0.022974729537963867,
"input_sdr": 0.09896966621019049,
"input_sir": 0.09897039686035733,
"input_sar": 70.81881707209787,
"input_stoi": 0.7482779260358052,
"si_sdr": 1.20353914052248,
"sdr": 1.3892321510012806,
"sir": 1.5902083093978803,
"sar": 21.48392433509248,
"stoi": 0.7472573068141302,
"mix_path": "/dtu-compute/LibriMix/rmth/Libri2Mix/wav8k/max/test/mix_clean/1221-135767-0010_1995-1837-0021.wav"
}