{
"input_si_sdr": 0.07027244567871094,
"input_sdr": 0.14615488788016728,
"input_sir": 0.14615774303451445,
"input_sar": 68.19658368355113,
"input_stoi": 0.792454157772811,
"si_sdr": -1.6289860606193542,
"sdr": -0.9258522484663715,
"sir": 7.654770212304166,
"sar": 3.309930454348561,
"stoi": 0.7729167932078546,
"mix_path": "/dtu-compute/LibriMix/rmth/Libri2Mix/wav8k/max/test/mix_clean/1580-141084-0015_4992-41806-0008.wav",
"input_wer": 1.069767441860465,
"clean_wer": 0.06976744186046512,
"wer": 0.9534883720930233
}