{
"input_si_sdr": 0.04547315835952759,
"input_sdr": 0.16581142112570516,
"input_sir": 0.16581267145144082,
"input_sar": 68.50831843600632,
"input_stoi": 0.7790376985792957,
"si_sdr": -1.7534463554620743,
"sdr": -0.7430225024284473,
"sir": 1.0662002378779216,
"sar": 18.118144449585824,
"stoi": 0.7078580196207611,
"mix_path": "/dtu-compute/LibriMix/rmth/Libri2Mix/wav8k/max/test/mix_clean/672-122797-0052_2961-960-0004.wav",
"input_wer": 0.9642857142857143,
"clean_wer": 0.0,
"wer": 1.0
}