{
"input_si_sdr": -0.07647442817687988,
"input_sdr": 0.07955040784873235,
"input_sir": 0.07955205773165108,
"input_sar": 69.02072050051737,
"input_stoi": 0.7539342203621088,
"si_sdr": 5.3603081703186035,
"sdr": 6.06751289470191,
"sir": 12.25395180233622,
"sar": 8.05961831151869,
"stoi": 0.8408808271209065,
"mix_path": "/dtu-compute/LibriMix/rmth/Libri2Mix/wav8k/max/test/mix_clean/6829-68771-0008_7021-85628-0023.wav",
"input_wer": 0.6304347826086957,
"clean_wer": 0.021739130434782608,
"wer": 0.5869565217391305
}