{
"input_si_sdr": 0.019128799438476562,
"input_sdr": 0.3018120059239031,
"input_sir": 0.30181400291523097,
"input_sar": 67.95182048682959,
"input_stoi": 0.8238727470554394,
"si_sdr": 12.009906768798828,
"sdr": 12.535520245010837,
"sir": 20.53688616603565,
"sar": 13.368502929871404,
"stoi": 0.9415965042227245,
"mix_path": "/dtu-compute/LibriMix/rmth/Libri2Mix/wav8k/max/test/mix_clean/4507-16021-0043_121-121726-0005.wav",
"input_wer": 0.8461538461538461,
"clean_wer": 0.15384615384615385,
"wer": 0.38461538461538464
}