{
"input_si_sdr": 0.01939105987548828,
"input_sdr": 0.09428367550082695,
"input_sir": 0.09428546858461173,
"input_sar": 67.14432788279501,
"input_stoi": 0.7696569736701269,
"si_sdr": 7.092220783233643,
"sdr": 7.475255321293192,
"sir": 14.781805667102057,
"sar": 9.162951678601539,
"stoi": 0.8779723471699405,
"mix_path": "/dtu-compute/LibriMix/rmth/Libri2Mix/wav8k/max/test/mix_clean/7176-92135-0041_7127-75947-0037.wav",
"input_wer": 1.0,
"clean_wer": 0.075,
"wer": 0.5
}