{
"input_si_sdr": 0.07487297058105469,
"input_sdr": 0.10286267915730418,
"input_sir": 0.1028637767228906,
"input_sar": 70.94368142379481,
"input_stoi": 0.8511516595353349,
"si_sdr": 1.9352866411209106,
"sdr": 2.142064020215497,
"sir": 5.961943570415776,
"sar": 7.878024968458037,
"stoi": 0.8768037075886081,
"mix_path": "/dtu-compute/LibriMix/rmth/Libri2Mix/wav8k/max/test/mix_clean/7176-88083-0005_672-122797-0022.wav",
"input_wer": 0.96875,
"clean_wer": 0.015625,
"wer": 0.828125
}