{
"input_si_sdr": 0.08285331726074219,
"input_sdr": 0.17295808035000348,
"input_sir": 0.17295942518683294,
"input_sar": 70.8308430732018,
"input_stoi": 0.684673178791021,
"si_sdr": -0.22142767906188965,
"sdr": 0.7221823153693752,
"sir": 4.744720973483535,
"sar": 8.586386138278101,
"stoi": 0.6597245527323603,
"mix_path": "/dtu-compute/LibriMix/rmth/Libri2Mix/wav8k/max/test/mix_clean/3729-6852-0001_4077-13751-0008.wav",
"input_wer": 0.7213114754098361,
"clean_wer": 0.01639344262295082,
"wer": 0.6721311475409836
}