{
"input_si_sdr": -0.03101170063018799,
"input_sdr": 0.17930704281750898,
"input_sir": 0.17930886612970864,
"input_sar": 67.22310990214878,
"input_stoi": 0.7848612998572999,
"si_sdr": -0.8127089440822601,
"sdr": -0.2937592005597225,
"sir": 1.7933956614510638,
"sar": 6.196882021389957,
"stoi": 0.7460038816827667,
"mix_path": "/dtu-compute/LibriMix/rmth/Libri2Mix/wav8k/max/test/mix_clean/5142-33396-0038_3570-5695-0008.wav",
"input_wer": 0.8378378378378378,
"clean_wer": 0.02702702702702703,
"wer": 0.8378378378378378
}