{
"input_si_sdr": 0.08831262588500977,
"input_sdr": 0.2139293275681915,
"input_sir": 0.21393137637395299,
"input_sar": 70.36057012148089,
"input_stoi": 0.7824186042843003,
"si_sdr": -4.883461892604828,
"sdr": -3.48689499784542,
"sir": 0.7554057708547601,
"sar": 4.232827785158276,
"stoi": 0.6350762809503893,
"mix_path": "./data/wav8k/max/test/mix_clean/1089-134686-0000_260-123440-0016.wav"
}