{
"input_si_sdr": 0.029323816299438477,
"input_sdr": 0.08669016790764239,
"input_sir": 0.08669194656126233,
"input_sar": 68.05471716431293,
"input_stoi": 0.8384310204677116,
"si_sdr": -1.138665795326233,
"sdr": -0.38455810294079185,
"sir": 4.208303568390145,
"sar": 17.877502638537564,
"stoi": 0.792548882386491,
"mix_path": "/dtu-compute/LibriMix/rmth/Libri2Mix/wav8k/max/test/mix_clean/6829-68769-0022_672-122797-0064.wav",
"input_wer": 1.0212765957446808,
"clean_wer": 0.0,
"wer": 0.9787234042553191
}