{
"input_si_sdr": 0.045558929443359375,
"input_sdr": 0.18666085304727442,
"input_sir": 0.18666243592602427,
"input_sar": 69.5443945059893,
"input_stoi": 0.7947303488292257,
"si_sdr": 0.062184810638427734,
"sdr": 1.138592064231927,
"sir": 2.9209359093728398,
"sar": 17.346813623108815,
"stoi": 0.7446487232896704,
"mix_path": "/dtu-compute/LibriMix/rmth/Libri2Mix/wav8k/max/test/mix_clean/61-70970-0023_3570-5696-0007.wav",
"input_wer": 0.9230769230769231,
"clean_wer": 0.05128205128205128,
"wer": 1.0512820512820513
}