{
"input_si_sdr": 0.05042576789855957,
"input_sdr": 0.08544779887449616,
"input_sir": 0.0854493596518836,
"input_sar": 67.63714627062824,
"input_stoi": 0.724968535971545,
"si_sdr": 8.64441442489624,
"sdr": 9.16762334601269,
"sir": 15.683370215125496,
"sar": 10.389208278826217,
"stoi": 0.8320275706049419,
"mix_path": "/dtu-compute/LibriMix/rmth/Libri2Mix/wav8k/max/test/mix_clean/4992-23283-0003_1995-1837-0029.wav",
"input_wer": 1.04,
"clean_wer": 0.0,
"wer": 0.44
}