{
"input_si_sdr": -0.0027780532836914062,
"input_sdr": 0.10855303275235295,
"input_sir": 0.10855657076514369,
"input_sar": 65.07879901185983,
"input_stoi": 0.8084021989104337,
"si_sdr": 8.33109974861145,
"sdr": 8.631450774003426,
"sir": 15.495434670300867,
"sar": 9.971305806592795,
"stoi": 0.8971187842229518,
"mix_path": "/dtu-compute/LibriMix/rmth/Libri2Mix/wav8k/max/test/mix_clean/8455-210777-0025_6930-75918-0009.wav",
"input_wer": 0.8055555555555556,
"clean_wer": 0.05555555555555555,
"wer": 0.4166666666666667
}