{
"input_si_sdr": -0.22048044204711914,
"input_sdr": -0.08474142746551472,
"input_sir": -0.08474040881802924,
"input_sar": 71.03922806038318,
"input_stoi": 0.7720679174840467,
"si_sdr": 4.4758583307266235,
"sdr": 4.972231924079058,
"sir": 6.096234303733881,
"sar": 15.914741878779713,
"stoi": 0.8317201357830676,
"mix_path": "/dtu-compute/LibriMix/rmth/Libri2Mix/wav8k/max/test/mix_clean/8455-210777-0020_61-70968-0054.wav"
}