{
"input_si_sdr": -0.0004628896713256836,
"input_sdr": 0.09344512387852477,
"input_sir": 0.09344654921419338,
"input_sar": 68.46627228403196,
"input_stoi": 0.7723778220002702,
"si_sdr": 2.40696307271719,
"sdr": 2.8161737951894543,
"sir": 6.240236113935271,
"sar": 9.016443677073308,
"stoi": 0.7719423243745773,
"mix_path": "/dtu-compute/LibriMix/rmth/Libri2Mix/wav8k/max/test/mix_clean/2830-3980-0050_260-123286-0000.wav",
"input_wer": 0.8055555555555556,
"clean_wer": 0.0,
"wer": 0.8611111111111112
}