{
"input_si_sdr": 0.03772127628326416,
"input_sdr": 0.13354951511763238,
"input_sir": 0.1335518664750841,
"input_sar": 65.74977835136704,
"input_stoi": 0.7273283828361845,
"si_sdr": 13.007959365844727,
"sdr": 13.719064858233992,
"sir": 20.829560838593473,
"sar": 14.846249850014608,
"stoi": 0.9285715174004874,
"mix_path": "/dtu-compute/LibriMix/rmth/Libri2Mix/wav8k/max/test/mix_clean/1089-134686-0036_6930-75918-0008.wav",
"input_wer": 1.3529411764705883,
"clean_wer": 0.17647058823529413,
"wer": 0.23529411764705882
}