{
"input_si_sdr": 0.09179115295410156,
"input_sdr": 0.37472850358868137,
"input_sir": 0.37473093280360414,
"input_sar": 66.75678888761462,
"input_stoi": 0.7339849149383169,
"si_sdr": 8.511044979095459,
"sdr": 9.24933567886005,
"sir": 16.287750667461165,
"sar": 10.320688362907028,
"stoi": 0.887517862632165,
"mix_path": "/dtu-compute/LibriMix/rmth/Libri2Mix/wav8k/max/test/mix_clean/4446-2273-0028_5142-33396-0025.wav",
"input_wer": 1.2592592592592593,
"clean_wer": 0.0,
"wer": 0.5925925925925926
}