{
"input_si_sdr": -0.07230043411254883,
"input_sdr": 0.24479044126268068,
"input_sir": 0.24479294700130172,
"input_sar": 69.86988973824683,
"input_stoi": 0.7521676090703879,
"si_sdr": 0.3496689796447754,
"sdr": 0.6666700880793499,
"sir": 0.7424260111881749,
"sar": 23.382586327472723,
"stoi": 0.7660070417805842,
"mix_path": "/dtu-compute/LibriMix/rmth/Libri2Mix/wav8k/max/test/mix_clean/6930-81414-0023_4507-16021-0014.wav"
}