{
"input_si_sdr": -0.03188216686248779,
"input_sdr": 0.015757326335608557,
"input_sir": 0.01575836109777451,
"input_sar": 69.68140551578331,
"input_stoi": 0.765684408305324,
"si_sdr": 14.293241024017334,
"sdr": 14.585895292586228,
"sir": 24.656117743102158,
"sar": 15.051448934687944,
"stoi": 0.9399536330447236,
"mix_path": "/dtu-compute/LibriMix/rmth/Libri2Mix/wav8k/max/test/mix_clean/4077-13754-0001_5142-33396-0065.wav",
"input_wer": 1.2083333333333333,
"clean_wer": 0.16666666666666666,
"wer": 0.20833333333333334
}