{
"input_si_sdr": -0.07553362846374512,
"input_sdr": 0.08622885312974482,
"input_sir": 0.0862313364913998,
"input_sar": 66.46723244826666,
"input_stoi": 0.7738394649758857,
"si_sdr": 12.205946922302246,
"sdr": 12.6484937358393,
"sir": 20.953307531112955,
"sar": 13.392885705711727,
"stoi": 0.9344532783523576,
"mix_path": "/dtu-compute/LibriMix/rmth/Libri2Mix/wav8k/max/test/mix_clean/3575-170457-0047_5105-28240-0009.wav",
"input_wer": 0.7551020408163265,
"clean_wer": 0.08163265306122448,
"wer": 0.16326530612244897
}