{
"input_si_sdr": 0.012778520584106445,
"input_sdr": 0.09229827597001106,
"input_sir": 0.09230034539173326,
"input_sar": 66.39694225463886,
"input_stoi": 0.7300837271922702,
"si_sdr": -0.6927780508995056,
"sdr": -0.013886979592233173,
"sir": 2.113603175981517,
"sar": 7.001596150106655,
"stoi": 0.6565230587191827,
"mix_path": "/dtu-compute/LibriMix/rmth/Libri2Mix/wav8k/max/test/mix_clean/1995-1837-0027_4970-29095-0022.wav",
"input_wer": 1.1290322580645162,
"clean_wer": 0.06451612903225806,
"wer": 1.032258064516129
}