{
"input_si_sdr": 0.01849532127380371,
"input_sdr": 0.3337256857812061,
"input_sir": 0.3337289950156357,
"input_sar": 64.68907654520937,
"input_stoi": 0.7092876225099238,
"si_sdr": 2.6111055314540863,
"sdr": 3.465171362588749,
"sir": 5.125229584598696,
"sar": 9.667860349048173,
"stoi": 0.7442615995723749,
"mix_path": "/dtu-compute/LibriMix/rmth/Libri2Mix/wav8k/max/test/mix_clean/1580-141083-0032_672-122797-0065.wav",
"input_wer": 1.1875,
"clean_wer": 0.0,
"wer": 1.0625
}