{
"input_si_sdr": -0.1707620620727539,
"input_sdr": -0.06093857203317077,
"input_sir": -0.060936698504732156,
"input_sar": 69.5138683483434,
"input_stoi": 0.7433121078308538,
"si_sdr": 2.8687078952789307,
"sdr": 3.3865312829800045,
"sir": 5.814974700419072,
"sar": 17.530067939744377,
"stoi": 0.7713740906590806,
"mix_path": "/dtu-compute/LibriMix/rmth/Libri2Mix/wav8k/max/test/mix_clean/260-123288-0018_2830-3979-0003.wav"
}