{
"input_si_sdr": -0.06825315952301025,
"input_sdr": -0.021860124484863075,
"input_sir": -0.021859011613174606,
"input_sar": 68.99419679741635,
"input_stoi": 0.7961301646043508,
"si_sdr": 0.17551738023757935,
"sdr": 1.4906454759877228,
"sir": 3.556225655468382,
"sar": 8.674589436924624,
"stoi": 0.768143226262324,
"mix_path": "/dtu-compute/LibriMix/rmth/Libri2Mix/wav8k/max/test/mix_clean/8555-284447-0017_1284-1180-0005.wav",
"input_wer": 1.11864406779661,
"clean_wer": 0.06779661016949153,
"wer": 0.7627118644067796
}