{
"input_si_sdr": -0.11226046085357666,
"input_sdr": 0.08602442291718826,
"input_sir": 0.08602511327205886,
"input_sar": 71.23500893439868,
"input_stoi": 0.764081936398639,
"si_sdr": 7.767226219177246,
"sdr": 8.401739592130111,
"sir": 13.545641953516196,
"sar": 10.571597510674493,
"stoi": 0.8773929444052427,
"mix_path": "/dtu-compute/LibriMix/rmth/Libri2Mix/wav8k/max/test/mix_clean/260-123286-0008_3570-5695-0013.wav",
"input_wer": 0.8846153846153846,
"clean_wer": 0.038461538461538464,
"wer": 0.3076923076923077
}