{
"input_si_sdr": 0.009907722473144531,
"input_sdr": 0.30781975153585517,
"input_sir": 0.3078221736678941,
"input_sar": 67.91318030815523,
"input_stoi": 0.7322941546188462,
"si_sdr": 0.4625661373138428,
"sdr": 0.7415523482703814,
"sir": 0.8292517245908764,
"sar": 22.12202247853397,
"stoi": 0.7604998639741227,
"mix_path": "/dtu-compute/LibriMix/rmth/Libri2Mix/wav8k/max/test/mix_clean/8463-294825-0016_1580-141084-0001.wav"
}