{
"input_si_sdr": -0.06679421663284302,
"input_sdr": -0.01702059923191268,
"input_sir": -0.017020035213946128,
"input_sar": 71.96913697095893,
"input_stoi": 0.7940930664418581,
"si_sdr": 3.1258418560028076,
"sdr": 4.035493401748209,
"sir": 11.404046056590998,
"sar": 8.299870226216422,
"stoi": 0.8080046122580369,
"mix_path": "/dtu-compute/LibriMix/rmth/Libri2Mix/wav8k/max/test/mix_clean/7127-75946-0016_1320-122617-0026.wav",
"input_wer": 1.069767441860465,
"clean_wer": 0.11627906976744186,
"wer": 0.9069767441860465
}