{
"input_si_sdr": -0.00018906593322753906,
"input_sdr": 0.14305308162689667,
"input_sir": 0.1430555611704305,
"input_sar": 65.60795745154203,
"input_stoi": 0.7450165048859632,
"si_sdr": 3.374265432357788,
"sdr": 4.794750063414338,
"sir": 8.33267631737045,
"sar": 8.95115800417123,
"stoi": 0.7935122428006045,
"mix_path": "/dtu-compute/LibriMix/rmth/Libri2Mix/wav8k/max/test/mix_clean/4970-29095-0011_2830-3980-0024.wav",
"input_wer": 1.05,
"clean_wer": 0.0,
"wer": 0.8
}