{
"input_si_sdr": -0.11226046085357666,
"input_sdr": 0.08602442291719581,
"input_sir": 0.08602511327206541,
"input_sar": 71.23500893439868,
"input_stoi": 0.764081936398639,
"si_sdr": 6.648891448974609,
"sdr": 7.153524690881511,
"sir": 11.641806275902027,
"sar": 9.604176199441717,
"stoi": 0.8609457157245521,
"mix_path": "/dtu-compute/LibriMix/rmth/Libri2Mix/wav8k/max/test/mix_clean/260-123286-0008_3570-5695-0013.wav",
"input_wer": 0.8846153846153846,
"clean_wer": 0.038461538461538464,
"wer": 0.5
}