{
"input_si_sdr": 0.0094681978225708,
"input_sdr": 0.11356086827785528,
"input_sir": 0.11356268062478148,
"input_sar": 67.09528662145698,
"input_stoi": 0.7023653381826888,
"si_sdr": 9.157505512237549,
"sdr": 10.295833790237875,
"sir": 16.12704446253319,
"sar": 11.965013754136285,
"stoi": 0.8943053624194209,
"mix_path": "/dtu-compute/LibriMix/rmth/Libri2Mix/wav8k/max/test/mix_clean/3570-5695-0009_237-134500-0032.wav",
"input_wer": 1.0,
"clean_wer": 0.0,
"wer": 0.3448275862068966
}