{
"input_si_sdr": -0.08839690685272217,
"input_sdr": 0.09483421757709509,
"input_sir": 0.09483509613712815,
"input_sar": 70.24649615929746,
"input_stoi": 0.753402221621423,
"si_sdr": 10.616558074951172,
"sdr": 11.17208330452885,
"sir": 17.88275285730095,
"sar": 12.293894253666352,
"stoi": 0.9258399571378912,
"mix_path": "/dtu-compute/LibriMix/rmth/Libri2Mix/wav8k/max/test/mix_clean/4077-13751-0013_1284-1181-0005.wav",
"input_wer": 1.380952380952381,
"clean_wer": 0.0,
"wer": 0.3333333333333333
}