{
"input_si_sdr": -0.02409219741821289,
"input_sdr": 0.0776823814248182,
"input_sir": 0.07768433028008526,
"input_sar": 66.61667625756131,
"input_stoi": 0.7378658210019733,
"si_sdr": 12.656058311462402,
"sdr": 13.303373928681058,
"sir": 20.311139789271067,
"sar": 14.313944127151139,
"stoi": 0.9182044648037317,
"mix_path": "/dtu-compute/LibriMix/rmth/Libri2Mix/wav8k/max/test/mix_clean/8230-279154-0035_1580-141084-0047.wav",
"input_wer": 0.6666666666666666,
"clean_wer": 0.02564102564102564,
"wer": 0.02564102564102564
}