{
"input_si_sdr": -0.040776729583740234,
"input_sdr": 0.15057888541051057,
"input_sir": 0.15058033272463067,
"input_sar": 71.44501155086567,
"input_stoi": 0.7431988021353888,
"si_sdr": 11.912478923797607,
"sdr": 12.22558033261798,
"sir": 20.516313516980343,
"sar": 12.983000208404157,
"stoi": 0.8747377701020649,
"mix_path": "/dtu-compute/LibriMix/rmth/Libri2Mix/wav8k/max/test/mix_clean/1995-1836-0009_4507-16021-0034.wav",
"input_wer": 1.064516129032258,
"clean_wer": 0.03225806451612903,
"wer": 0.2903225806451613
}