{
"input_si_sdr": -0.03027975559234619,
"input_sdr": 0.13406861399972714,
"input_sir": 0.13407044959188474,
"input_sar": 67.07571425395534,
"input_stoi": 0.7279295013727579,
"si_sdr": 9.60071086883545,
"sdr": 10.233703256460576,
"sir": 16.98326270214729,
"sar": 11.358364763797246,
"stoi": 0.8704733956739498,
"mix_path": "/dtu-compute/LibriMix/rmth/Libri2Mix/wav8k/max/test/mix_clean/8555-284447-0022_3575-170457-0047.wav",
"input_wer": 0.9117647058823529,
"clean_wer": 0.14705882352941177,
"wer": 0.38235294117647056
}