{
"input_si_sdr": -0.02517235279083252,
"input_sdr": 0.06793184355417115,
"input_sir": 0.06793441628697483,
"input_sar": 65.92839479086456,
"input_stoi": 0.7463692782010274,
"si_sdr": 4.703204393386841,
"sdr": 5.153398193733129,
"sir": 9.204504097236718,
"sar": 8.326831338148116,
"stoi": 0.7862210916115703,
"mix_path": "/dtu-compute/LibriMix/rmth/Libri2Mix/wav8k/max/test/mix_clean/6930-75918-0009_260-123288-0017.wav",
"input_wer": 1.25,
"clean_wer": 0.1111111111111111,
"wer": 1.0
}