{
"input_si_sdr": -0.07434582710266113,
"input_sdr": 0.05658364963001916,
"input_sir": 0.056584731947872946,
"input_sar": 69.91982074677823,
"input_stoi": 0.7090515572521049,
"si_sdr": -1.2963029146194458,
"sdr": -0.5723157892185229,
"sir": 0.42430730938627637,
"sar": 9.524572479406476,
"stoi": 0.6446023774671058,
"mix_path": "/dtu-compute/LibriMix/rmth/Libri2Mix/wav8k/max/test/mix_clean/61-70968-0000_8455-210777-0012.wav",
"input_wer": 1.2592592592592593,
"clean_wer": 0.0,
"wer": 1.0740740740740742
}