{
"input_si_sdr": 0.030872344970703125,
"input_sdr": 0.08253624655408709,
"input_sir": 0.08253699319239027,
"input_sar": 71.72673949257545,
"input_stoi": 0.8309641067388365,
"si_sdr": -0.09711432456970215,
"sdr": -0.0972075360041944,
"sir": 0.0912412414494943,
"sar": 21.98600684234674,
"stoi": 0.8364992080928391,
"mix_path": "/dtu-compute/LibriMix/rmth/Libri2Mix/wav8k/max/test/mix_clean/1580-141083-0039_3729-6852-0041.wav"
}