{
"input_si_sdr": 0.03916662931442261,
"input_sdr": 0.13006466453883897,
"input_sir": 0.13006549790731292,
"input_sar": 70.31539288134925,
"input_stoi": 0.7778157505675309,
"si_sdr": 2.4103861451148987,
"sdr": 3.228620551635711,
"sir": 8.684812538686197,
"sar": 9.744115982624718,
"stoi": 0.7869662257288745,
"mix_path": "/dtu-compute/LibriMix/rmth/Libri2Mix/wav8k/max/test/mix_clean/1320-122617-0005_3729-6852-0014.wav",
"input_wer": 1.0769230769230769,
"clean_wer": 0.038461538461538464,
"wer": 0.8076923076923077
}