{
"input_si_sdr": 0.03398406505584717,
"input_sdr": 0.09439234983113187,
"input_sir": 0.09439316511732732,
"input_sar": 70.62168093095278,
"input_stoi": 0.8254817098213729,
"si_sdr": -2.3361869156360626,
"sdr": -1.7473112523224268,
"sir": 0.3306749189939273,
"sar": 5.921512767760696,
"stoi": 0.6533679378039703,
"mix_path": "/dtu-compute/LibriMix/rmth/Libri2Mix/wav8k/max/test/mix_clean/7127-75947-0023_4077-13754-0007.wav",
"input_wer": 1.0212765957446808,
"clean_wer": 0.0425531914893617,
"wer": 1.0425531914893618
}