{
"input_si_sdr": -0.02200603485107422,
"input_sdr": 0.08645060537192872,
"input_sir": 0.08645252218048594,
"input_sar": 73.58092632699127,
"input_stoi": 0.7543772995722323,
"si_sdr": 11.324235916137695,
"sdr": 11.695117537733225,
"sir": 17.69484965510605,
"sar": 13.486710234138389,
"stoi": 0.8178590979334268,
"mix_path": "/dtu-compute/LibriMix/rmth/Libri2Mix/wav8k/max/test/mix_clean/1089-134686-0019_5142-33396-0021.wav",
"input_wer": 0.8679245283018868,
"clean_wer": 0.0,
"wer": 0.8113207547169812
}