{
"input_si_sdr": -0.07806432247161865,
"input_sdr": -0.02542703662784751,
"input_sir": -0.025426235306204026,
"input_sar": 70.7215640774662,
"input_stoi": 0.802905216642656,
"si_sdr": 1.0375239253044128,
"sdr": 1.4913323979901425,
"sir": 3.5561157048327616,
"sar": 15.131965733043717,
"stoi": 0.8227887005356811,
"mix_path": "/dtu-compute/LibriMix/rmth/Libri2Mix/wav8k/max/test/mix_clean/8230-279154-0007_8555-292519-0007.wav",
"input_wer": 0.9552238805970149,
"clean_wer": 0.04477611940298507,
"wer": 0.8955223880597015
}