{
"input_si_sdr": 0.15613007545471191,
"input_sdr": 0.3078964384920351,
"input_sir": 0.3078989818828348,
"input_sar": 67.2128095463407,
"input_stoi": 0.7136652829486259,
"si_sdr": 4.350109159946442,
"sdr": 4.771264995303055,
"sir": 7.046637527536001,
"sar": 11.107684075822828,
"stoi": 0.7589057375703827,
"mix_path": "/dtu-compute/LibriMix/rmth/Libri2Mix/wav8k/max/test/mix_clean/672-122797-0058_2300-131720-0029.wav",
"input_wer": 1.05,
"clean_wer": 0.25,
"wer": 1.2
}