{
"input_si_sdr": 0.2477869987487793,
"input_sdr": 0.5581153431646007,
"input_sir": 0.5581163877475537,
"input_sar": 73.0159124971234,
"input_stoi": 0.7675768927905983,
"si_sdr": 11.277966737747192,
"sdr": 12.00026005466464,
"sir": 17.726492650928282,
"sar": 13.523093023835607,
"stoi": 0.8282100205362434,
"mix_path": "/dtu-compute/LibriMix/rmth/Libri2Mix/wav8k/max/test/mix_clean/1995-1826-0025_2830-3980-0047.wav",
"input_wer": 0.7419354838709677,
"clean_wer": 0.0967741935483871,
"wer": 0.3548387096774194
}