{
"input_si_sdr": -0.09912276268005371,
"input_sdr": 0.011868378495942355,
"input_sir": 0.011869910481823176,
"input_sar": 68.6345561442336,
"input_stoi": 0.7483026522229725,
"si_sdr": 0.7751253843307495,
"sdr": 1.509967737175004,
"sir": 5.39775767899713,
"sar": 5.896697101058863,
"stoi": 0.7529767493254387,
"mix_path": "/dtu-compute/LibriMix/rmth/Libri2Mix/wav8k/max/test/mix_clean/8555-284447-0021_121-127105-0000.wav",
"input_wer": 0.7638888888888888,
"clean_wer": 0.013888888888888888,
"wer": 0.625
}