{
"input_si_sdr": 0.04081320762634277,
"input_sdr": 0.15875204313990787,
"input_sir": 0.15875381183262993,
"input_sar": 69.36320761401896,
"input_stoi": 0.811938237658574,
"si_sdr": -0.801356315612793,
"sdr": -0.36582370704938283,
"sir": 0.4931141341299501,
"sar": 13.98251366305549,
"stoi": 0.7310984723783551,
"mix_path": "/dtu-compute/LibriMix/rmth/Libri2Mix/wav8k/max/test/mix_clean/3575-170457-0003_7021-85628-0019.wav",
"input_wer": 0.8857142857142857,
"clean_wer": 0.2,
"wer": 1.0
}