{
"input_si_sdr": -0.00909411907196045,
"input_sdr": 0.06693202490041128,
"input_sir": 0.06693316637202462,
"input_sar": 68.99033449207954,
"input_stoi": 0.7427192849385332,
"si_sdr": 12.99939489364624,
"sdr": 13.416587286826319,
"sir": 22.195418733869147,
"sar": 14.070086483021615,
"stoi": 0.902629135177574,
"mix_path": "/dtu-compute/LibriMix/rmth/Libri2Mix/wav8k/max/test/mix_clean/4507-16021-0059_7176-88083-0005.wav",
"input_wer": 1.1153846153846154,
"clean_wer": 0.0,
"wer": 0.2692307692307692
}