{
"input_si_sdr": 0.028595566749572754,
"input_sdr": 0.14844786827894874,
"input_sir": 0.14844943250807896,
"input_sar": 68.14416428519661,
"input_stoi": 0.7392097549482339,
"si_sdr": 7.644719362258911,
"sdr": 8.134037476725274,
"sir": 14.688608845183346,
"sar": 9.389430789573112,
"stoi": 0.8421968593027449,
"mix_path": "/dtu-compute/LibriMix/rmth/Libri2Mix/wav8k/max/test/mix_clean/8455-210777-0018_1995-1836-0001.wav",
"input_wer": 0.918918918918919,
"clean_wer": 0.02702702702702703,
"wer": 0.32432432432432434
}