{
"input_si_sdr": 0.07147216796875,
"input_sdr": 0.14126910148063843,
"input_sir": 0.1412703025952724,
"input_sar": 71.42153262464575,
"input_stoi": 0.7904398849218053,
"si_sdr": 7.3506481647491455,
"sdr": 7.77838416575222,
"sir": 14.35881288401991,
"sar": 9.513223367773477,
"stoi": 0.8826127442552884,
"mix_path": "/dtu-compute/LibriMix/rmth/Libri2Mix/wav8k/max/test/mix_clean/237-126133-0001_7729-102255-0000.wav",
"input_wer": 1.0227272727272727,
"clean_wer": 0.06818181818181818,
"wer": 0.7045454545454546
}