{
"input_si_sdr": 0.08093631267547607,
"input_sdr": 0.22672505532127174,
"input_sir": 0.22672619124091653,
"input_sar": 69.07653179391336,
"input_stoi": 0.7509875634598459,
"si_sdr": -3.2557562589645386,
"sdr": -1.9354426709905919,
"sir": 0.47092197341035325,
"sar": 4.597698601415463,
"stoi": 0.6561660737330843,
"mix_path": "./data/wav8k/max/test/mix_clean/1089-134686-0004_1284-1180-0027.wav"
}