{
"input_si_sdr": -0.04952794313430786,
"input_sdr": -0.025798476753555177,
"input_sir": -0.025797016268207407,
"input_sar": 67.82075208166857,
"input_stoi": 0.7952762292744894,
"si_sdr": 2.9571061097085476,
"sdr": 3.775667910171992,
"sir": 9.032070925969908,
"sar": 7.18686159625665,
"stoi": 0.8234222082613942,
"mix_path": "/dtu-compute/LibriMix/rmth/Libri2Mix/wav8k/max/test/mix_clean/3575-170457-0033_5683-32879-0012.wav",
"input_wer": 1.3421052631578947,
"clean_wer": 0.07894736842105263,
"wer": 1.0526315789473684
}