{
"input_si_sdr": 0.003729581832885742,
"input_sdr": 0.114506538401272,
"input_sir": 0.11450793552967253,
"input_sar": 69.62401299647104,
"input_stoi": 0.8153985126058008,
"si_sdr": -0.13886356353759766,
"sdr": 0.4961600280494891,
"sir": 2.1609866945524088,
"sar": 18.439993382012464,
"stoi": 0.7080661450890049,
"mix_path": "/dtu-compute/LibriMix/rmth/Libri2Mix/wav8k/max/test/mix_clean/3570-5694-0010_7176-92135-0002.wav",
"input_wer": 1.0666666666666667,
"clean_wer": 0.044444444444444446,
"wer": 1.0888888888888888
}