{
"si_sdr": 11.002212229664902,
"si_sdr_imp": 11.002058709388114,
"sdr": 11.5028308885156,
"sdr_imp": 11.366938149499042,
"sir": 19.20520120812044,
"sir_imp": 19.069306805536844,
"sar": 12.700215694302571,
"sar_imp": -56.22698582006451,
"stoi": 0.8936931305742085,
"stoi_imp": 0.13067060736985103,
"wer": 0.23310923184422752,
"wer_imp": -0.7865814663878824
}