{
"input_si_sdr": 0.13539552688598633,
"input_sdr": 0.30606205703913414,
"input_sir": 0.30606371667292187,
"input_sar": 68.42085782513296,
"input_stoi": 0.7870121675843027,
"si_sdr": 10.684710502624512,
"sdr": 11.23210861006325,
"sir": 19.89908803932687,
"sar": 12.073453912110349,
"stoi": 0.8873477248111689,
"mix_path": "/dtu-compute/LibriMix/rmth/Libri2Mix/wav8k/max/test/mix_clean/4446-2271-0019_7176-88083-0010.wav",
"input_wer": 0.7241379310344828,
"clean_wer": 0.034482758620689655,
"wer": 0.1724137931034483
}