{
"input_si_sdr": -0.03699904680252075,
"input_sdr": 0.04100378408562766,
"input_sir": 0.04100819605696204,
"input_sar": 63.05047379102128,
"input_stoi": 0.7076886507466624,
"si_sdr": 7.976499557495117,
"sdr": 8.582577948067739,
"sir": 14.356423192026703,
"sar": 10.131996902778827,
"stoi": 0.811982552006941,
"mix_path": "/dtu-compute/LibriMix/rmth/Libri2Mix/wav8k/max/test/mix_clean/6930-81414-0012_8455-210777-0049.wav",
"input_wer": 0.875,
"clean_wer": 0.1875,
"wer": 0.625
}