{
"input_si_sdr": 0.05691567063331604,
"input_sdr": 0.1390873852690278,
"input_sir": 0.13908815539656166,
"input_sar": 70.59823752347256,
"input_stoi": 0.7811751961002507,
"si_sdr": 8.103869199752808,
"sdr": 8.587854290629975,
"sir": 14.595554142958456,
"sar": 9.996580340334809,
"stoi": 0.8673011826599981,
"mix_path": "/dtu-compute/LibriMix/rmth/Libri2Mix/wav8k/max/test/mix_clean/260-123288-0017_1580-141084-0049.wav",
"input_wer": 1.0294117647058822,
"clean_wer": 0.058823529411764705,
"wer": 0.6764705882352942
}