{
"input_si_sdr": 0.00732421875,
"input_sdr": 0.04929794061445292,
"input_sir": 0.04929871818962828,
"input_sar": 70.79784686478456,
"input_stoi": 0.8396975810980957,
"si_sdr": 9.653441905975342,
"sdr": 9.87827504994156,
"sir": 16.588985827338,
"sar": 11.067091253628051,
"stoi": 0.9246565962506058,
"mix_path": "/dtu-compute/LibriMix/rmth/Libri2Mix/wav8k/max/test/mix_clean/4507-16021-0016_1320-122617-0029.wav",
"input_wer": 0.9230769230769231,
"clean_wer": 0.03076923076923077,
"wer": 0.3230769230769231
}