{
"input_si_sdr": -0.014524459838867188,
"input_sdr": 0.0628014786118869,
"input_sir": 0.06280225295580477,
"input_sar": 71.32054338421945,
"input_stoi": 0.8582180115690277,
"si_sdr": 12.646470069885254,
"sdr": 13.214536593429562,
"sir": 20.608273042907474,
"sar": 14.132834669420346,
"stoi": 0.9529494241944796,
"mix_path": "/dtu-compute/LibriMix/rmth/Libri2Mix/wav8k/max/test/mix_clean/8230-279154-0036_2961-960-0005.wav",
"input_wer": 0.8666666666666667,
"clean_wer": 0.03333333333333333,
"wer": 0.06666666666666667
}