{
"input_si_sdr": 0.04454231262207031,
"input_sdr": 0.1528820700954172,
"input_sir": 0.15288412465813428,
"input_sar": 66.88881363657414,
"input_stoi": 0.6884592988848625,
"si_sdr": 2.4084946513175964,
"sdr": 2.7721073325288303,
"sir": 4.0966397861009565,
"sar": 12.252297501490231,
"stoi": 0.7031220776236875,
"mix_path": "/dtu-compute/LibriMix/rmth/Libri2Mix/wav8k/max/test/mix_clean/4507-16021-0003_672-122797-0003.wav"
}