{
"input_si_sdr": 0.018465161323547363,
"input_sdr": 0.08082373395252951,
"input_sir": 0.08082655687091611,
"input_sar": 65.34920849695249,
"input_stoi": 0.7433885071803141,
"si_sdr": 12.259371757507324,
"sdr": 12.750112063850647,
"sir": 20.630122210172335,
"sar": 13.567179112859478,
"stoi": 0.8968965965062277,
"mix_path": "/dtu-compute/LibriMix/rmth/Libri2Mix/wav8k/max/test/mix_clean/8463-294828-0027_5683-32866-0030.wav",
"input_wer": 0.8275862068965517,
"clean_wer": 0.06896551724137931,
"wer": 0.1724137931034483
}