{
"input_si_sdr": 0.02660667896270752,
"input_sdr": 0.05769495054555529,
"input_sir": 0.057695949074585196,
"input_sar": 69.9366564733017,
"input_stoi": 0.850481107214025,
"si_sdr": 5.529890477657318,
"sdr": 5.866900975657229,
"sir": 8.981647071058726,
"sar": 9.860209950856234,
"stoi": 0.9080276131318559,
"mix_path": "/dtu-compute/LibriMix/rmth/Libri2Mix/wav8k/max/test/mix_clean/5683-32866-0027_5639-40744-0000.wav",
"input_wer": 1.0847457627118644,
"clean_wer": 0.03389830508474576,
"wer": 0.7966101694915254
}