{
"input_si_sdr": 0.09749817848205566,
"input_sdr": 0.24435027806387621,
"input_sir": 0.24435107177671633,
"input_sar": 71.46182531033791,
"input_stoi": 0.7799117738010237,
"si_sdr": -0.1506197452545166,
"sdr": 0.20441888862282087,
"sir": 0.4380884086876822,
"sar": 22.414883049316664,
"stoi": 0.7716168984279341,
"mix_path": "/dtu-compute/LibriMix/rmth/Libri2Mix/wav8k/max/test/mix_clean/4992-23283-0005_6829-68769-0034.wav"
}