{
"input_si_sdr": -0.07667800784111023,
"input_sdr": 0.059122008305998286,
"input_sir": 0.05912238433088912,
"input_sar": 73.69683429183375,
"input_stoi": 0.8145364421729324,
"si_sdr": 11.408398151397705,
"sdr": 12.016572618215928,
"sir": 19.476960576068173,
"sar": 12.951105736797519,
"stoi": 0.8893741425265219,
"mix_path": "/dtu-compute/LibriMix/rmth/Libri2Mix/wav8k/max/test/mix_clean/2830-3980-0042_2961-960-0001.wav",
"input_wer": 0.9545454545454546,
"clean_wer": 0.09090909090909091,
"wer": 0.22727272727272727
}