{
"input_si_sdr": 0.03471815586090088,
"input_sdr": 0.13675515332448684,
"input_sir": 0.13675645512042434,
"input_sar": 68.4108367345662,
"input_stoi": 0.7698499745525444,
"si_sdr": -0.22579705715179443,
"sdr": 0.04781779949644216,
"sir": 0.2728149508354232,
"sar": 19.722002587803868,
"stoi": 0.7510821801027293,
"mix_path": "/dtu-compute/LibriMix/rmth/Libri2Mix/wav8k/max/test/mix_clean/908-31957-0008_4446-2271-0020.wav"
}