{
"input_si_sdr": -0.07532835006713867,
"input_sdr": -0.017939195015541642,
"input_sir": -0.017938042745010208,
"input_sar": 70.1555701689894,
"input_stoi": 0.7154511626424557,
"si_sdr": -4.756602827459574,
"sdr": -3.043528192709043,
"sir": 0.32278992506084947,
"sar": 4.16296651797571,
"stoi": 0.5793723260367156,
"mix_path": "./data/wav8k/max/test/mix_clean/1089-134686-0000_121-127105-0031.wav"
}