{
"input_si_sdr": -0.0182950496673584,
"input_sdr": 0.19301738465111473,
"input_sir": 0.19301927280340725,
"input_sar": 67.08278023874445,
"input_stoi": 0.7343899842359254,
"si_sdr": 10.463091850280762,
"sdr": 11.124421085354694,
"sir": 17.917214593956594,
"sar": 12.356765486872202,
"stoi": 0.9108552058423715,
"mix_path": "/dtu-compute/LibriMix/rmth/Libri2Mix/wav8k/max/test/mix_clean/8455-210777-0065_1284-1181-0009.wav",
"input_wer": 0.7666666666666667,
"clean_wer": 0.03333333333333333,
"wer": 0.0
}