{
"input_si_sdr": -0.018371760845184326,
"input_sdr": 0.14167863069428166,
"input_sir": 0.141679259854106,
"input_sar": 71.51190837528569,
"input_stoi": 0.7116049916897771,
"si_sdr": 12.189819812774658,
"sdr": 12.620186384277618,
"sir": 20.108551897889676,
"sar": 13.52595237628168,
"stoi": 0.8700858981175494,
"mix_path": "/dtu-compute/LibriMix/rmth/Libri2Mix/wav8k/max/test/mix_clean/7176-92135-0042_5105-28241-0012.wav",
"input_wer": 0.9722222222222222,
"clean_wer": 0.027777777777777776,
"wer": 0.3333333333333333
}