{
"input_si_sdr": 0.12895965576171875,
"input_sdr": 0.25140885400576196,
"input_sir": 0.2514101256484427,
"input_sar": 69.3647700470049,
"input_stoi": 0.6935803121708072,
"si_sdr": 4.201677680015564,
"sdr": 5.098407393115889,
"sir": 8.405384717033225,
"sar": 8.58549159201976,
"stoi": 0.7427623499900795,
"mix_path": "/dtu-compute/LibriMix/rmth/Libri2Mix/wav8k/max/test/mix_clean/8555-284449-0006_2830-3980-0011.wav",
"input_wer": 1.1538461538461537,
"clean_wer": 0.038461538461538464,
"wer": 0.6538461538461539
}