{
"si_sdr": 9.814102659615688,
"si_sdr_imp": 9.813949139338899,
"sdr": 10.354416835305738,
"sdr_imp": 10.218524096289197,
"sir": 17.343297274393468,
"sir_imp": 17.207402871809894,
"sar": 11.933925413180978,
"sar_imp": -56.99327610118608,
"stoi": 0.8750377715085261,
"stoi_imp": 0.11201524830417144,
"wer": 0.3171458464457788,
"wer_imp": -0.7025448517863329
}