{
"input_si_sdr": 0.008988261222839355,
"input_sdr": 0.03716922813477075,
"input_sir": 0.037169576301286256,
"input_sar": 74.09146737694151,
"input_stoi": 0.7063628931417534,
"si_sdr": 9.019596576690674,
"sdr": 9.470086677013935,
"sir": 16.63820109017773,
"sar": 10.4999282351151,
"stoi": 0.8468140567868719,
"mix_path": "/dtu-compute/LibriMix/rmth/Libri2Mix/wav8k/max/test/mix_clean/2830-3980-0036_1284-1180-0001.wav",
"input_wer": 0.8837209302325582,
"clean_wer": 0.046511627906976744,
"wer": 0.3488372093023256
}