{
"input_si_sdr": -0.08465850353240967,
"input_sdr": 0.043647769113929424,
"input_sir": 0.04365013590675515,
"input_sar": 66.20649482565211,
"input_stoi": 0.7299380097751753,
"si_sdr": 6.762412786483765,
"sdr": 7.288860724596258,
"sir": 12.95043898240939,
"sar": 9.092922950216622,
"stoi": 0.8524978134364108,
"mix_path": "/dtu-compute/LibriMix/rmth/Libri2Mix/wav8k/max/test/mix_clean/7176-92135-0044_61-70970-0039.wav",
"input_wer": 0.8809523809523809,
"clean_wer": 0.047619047619047616,
"wer": 0.40476190476190477
}