{
"input_si_sdr": -0.06830883026123047,
"input_sdr": 0.01538431184438327,
"input_sir": 0.015386171036134488,
"input_sar": 67.6613289646593,
"input_stoi": 0.8072055936475349,
"si_sdr": 5.40070116519928,
"sdr": 6.250547395822257,
"sir": 12.237540694999094,
"sar": 9.040039115989593,
"stoi": 0.8394324619596667,
"mix_path": "/dtu-compute/LibriMix/rmth/Libri2Mix/wav8k/max/test/mix_clean/7021-85628-0016_3729-6852-0039.wav"
}