{
"input_si_sdr": -0.08649587631225586,
"input_sdr": -0.004471567531662002,
"input_sir": -0.004470381574506632,
"input_sar": 68.78630320854379,
"input_stoi": 0.8408536887505724,
"si_sdr": 8.700080633163452,
"sdr": 8.891420482385136,
"sir": 13.957298943641625,
"sar": 11.598002115634266,
"stoi": 0.9152018987039946,
"mix_path": "/dtu-compute/LibriMix/rmth/Libri2Mix/wav8k/max/test/mix_clean/61-70968-0027_4446-2273-0018.wav",
"input_wer": 0.9117647058823529,
"clean_wer": 0.0,
"wer": 0.4117647058823529
}