{
"input_si_sdr": -0.025289058685302734,
"input_sdr": 0.14807367758377588,
"input_sir": 0.14807559975996787,
"input_sar": 68.64456709992577,
"input_stoi": 0.7883365018571471,
"si_sdr": 1.4688386917114258,
"sdr": 1.8491070958284659,
"sir": 2.530948241974085,
"sar": 17.77084662268362,
"stoi": 0.7953420416417101,
"mix_path": "/dtu-compute/LibriMix/rmth/Libri2Mix/wav8k/max/test/mix_clean/5142-33396-0038_4446-2275-0021.wav",
"input_wer": 0.9655172413793104,
"clean_wer": 0.0,
"wer": 1.0344827586206897
}