{
"input_si_sdr": -0.003926277160644531,
"input_sdr": 0.15380683097741832,
"input_sir": 0.15380745896572634,
"input_sar": 71.99214714019378,
"input_stoi": 0.7536008976729397,
"si_sdr": 11.930376052856445,
"sdr": 12.66828179718846,
"sir": 19.45358749155679,
"sar": 13.764770976837298,
"stoi": 0.8717605627161912,
"mix_path": "/dtu-compute/LibriMix/rmth/Libri2Mix/wav8k/max/test/mix_clean/237-126133-0019_2830-3980-0035.wav",
"input_wer": 1.0689655172413792,
"clean_wer": 0.0,
"wer": 0.10344827586206896
}