{
"input_si_sdr": -0.03816032409667969,
"input_sdr": 0.08037542435798589,
"input_sir": 0.08037771669134441,
"input_sar": 65.88552480975578,
"input_stoi": 0.8000299530323527,
"si_sdr": 5.730191230773926,
"sdr": 6.040614628609081,
"sir": 9.731745398377736,
"sar": 9.296422381226886,
"stoi": 0.8780314931031876,
"mix_path": "/dtu-compute/LibriMix/rmth/Libri2Mix/wav8k/max/test/mix_clean/61-70968-0014_8224-274384-0003.wav",
"input_wer": 0.967741935483871,
"clean_wer": 0.03225806451612903,
"wer": 0.41935483870967744
}