{
"input_si_sdr": -0.12817615270614624,
"input_sdr": -0.05638228893838593,
"input_sir": -0.056381506820198546,
"input_sar": 70.45564839574473,
"input_stoi": 0.7263095565393465,
"si_sdr": 2.4137033224105835,
"sdr": 2.9761684521895253,
"sir": 7.051309252690334,
"sar": 5.986916588289796,
"stoi": 0.7602596131796504,
"mix_path": "/dtu-compute/LibriMix/rmth/Libri2Mix/wav8k/max/test/mix_clean/7176-92135-0020_2830-3980-0029.wav",
"input_wer": 1.3902439024390243,
"clean_wer": 0.17073170731707318,
"wer": 0.8780487804878049
}