{
"input_si_sdr": -0.049993276596069336,
"input_sdr": -0.0017363429234817929,
"input_sir": -0.0017355908452723057,
"input_sar": 71.70928422320786,
"input_stoi": 0.7473709776272559,
"si_sdr": 1.1452335119247437,
"sdr": 1.6394402586627426,
"sir": 4.701608744101055,
"sar": 7.535141777227632,
"stoi": 0.7624967682033448,
"mix_path": "/dtu-compute/LibriMix/rmth/Libri2Mix/wav8k/max/test/mix_clean/1284-1180-0018_1320-122617-0019.wav",
"input_wer": 1.0441176470588236,
"clean_wer": 0.029411764705882353,
"wer": 0.7205882352941176
}