{
"input_si_sdr": -0.00896453857421875,
"input_sdr": 0.2604815180412605,
"input_sir": 0.2604832095383194,
"input_sar": 70.48682420944839,
"input_stoi": 0.7642780046456812,
"si_sdr": 8.111271977424622,
"sdr": 8.70949940150695,
"sir": 12.737998897334343,
"sar": 11.43952261153002,
"stoi": 0.8302061064874311,
"mix_path": "/dtu-compute/LibriMix/rmth/Libri2Mix/wav8k/max/test/mix_clean/5142-33396-0064_8555-292519-0012.wav",
"input_wer": 1.2173913043478262,
"clean_wer": 0.043478260869565216,
"wer": 0.8260869565217391
}