{
"input_si_sdr": -0.06389141082763672,
"input_sdr": 0.1155753308450993,
"input_sir": 0.11557642443996663,
"input_sar": 70.00099077958302,
"input_stoi": 0.6889628446036371,
"si_sdr": 9.232993125915527,
"sdr": 10.03592938469819,
"sir": 15.050384081364577,
"sar": 11.87529381136601,
"stoi": 0.847295635910458,
"mix_path": "/dtu-compute/LibriMix/rmth/Libri2Mix/wav8k/max/test/mix_clean/2830-3980-0072_6930-81414-0008.wav",
"input_wer": 0.90625,
"clean_wer": 0.03125,
"wer": 0.1875
}