{
"input_si_sdr": 0.06885766983032227,
"input_sdr": 0.14428019163259442,
"input_sir": 0.14428197122696806,
"input_sar": 68.0277704786842,
"input_stoi": 0.731561299074531,
"si_sdr": 5.606927871704102,
"sdr": 5.889884519594219,
"sir": 10.995672678627988,
"sar": 8.072971520735603,
"stoi": 0.826698995674918,
"mix_path": "/dtu-compute/LibriMix/rmth/Libri2Mix/wav8k/max/test/mix_clean/8224-274381-0013_1320-122617-0013.wav",
"input_wer": 0.9,
"clean_wer": 0.0,
"wer": 0.31666666666666665
}