{
"input_si_sdr": 0.09631943702697754,
"input_sdr": 0.3882753936462855,
"input_sir": 0.38827692392574953,
"input_sar": 68.9029174464346,
"input_stoi": 0.7031873873357324,
"si_sdr": 4.5180705189704895,
"sdr": 5.245635107669715,
"sir": 10.40888371442668,
"sar": 8.599543158996662,
"stoi": 0.7873176051669681,
"mix_path": "/dtu-compute/LibriMix/rmth/Libri2Mix/wav8k/max/test/mix_clean/672-122797-0034_61-70968-0026.wav",
"input_wer": 0.7941176470588235,
"clean_wer": 0.058823529411764705,
"wer": 0.38235294117647056
}