{
"input_si_sdr": 0.07328629493713379,
"input_sdr": 0.4139238136497547,
"input_sir": 0.4139243312763172,
"input_sar": 73.67479513737129,
"input_stoi": 0.7186376719477714,
"si_sdr": 0.22524189949035645,
"sdr": 0.618203333291762,
"sir": 0.6748562120774992,
"sar": 23.92255768268091,
"stoi": 0.7131655272606314,
"mix_path": "/dtu-compute/LibriMix/rmth/Libri2Mix/wav8k/max/test/mix_clean/3729-6852-0027_1995-1837-0024.wav"
}