{
"input_si_sdr": 0.024610042572021484,
"input_sdr": 0.22676474948941583,
"input_sir": 0.22676544121011233,
"input_sar": 71.64513089413565,
"input_stoi": 0.7820229103515768,
"si_sdr": 4.27626633644104,
"sdr": 4.710187434802272,
"sir": 6.239910295033431,
"sar": 14.942855215413044,
"stoi": 0.8087241518212649,
"mix_path": "/dtu-compute/LibriMix/rmth/Libri2Mix/wav8k/max/test/mix_clean/8463-287645-0010_7021-85628-0011.wav"
}