{
"input_si_sdr": -0.030236005783081055,
"input_sdr": 0.05418840747997944,
"input_sir": 0.05418940245169512,
"input_sar": 70.00321704943937,
"input_stoi": 0.8010636229478929,
"si_sdr": 9.586516380310059,
"sdr": 10.012970919909169,
"sir": 17.296502929426246,
"sar": 11.115186574297141,
"stoi": 0.8954003421921459,
"mix_path": "/dtu-compute/LibriMix/rmth/Libri2Mix/wav8k/max/test/mix_clean/3570-5694-0010_908-31957-0012.wav",
"input_wer": 1.3653846153846154,
"clean_wer": 0.057692307692307696,
"wer": 0.1346153846153846
}