{
"input_si_sdr": -0.0670621395111084,
"input_sdr": 0.06957979708609408,
"input_sir": 0.06958199424466693,
"input_sar": 67.05261599170049,
"input_stoi": 0.844584675278599,
"si_sdr": 1.1568793058395386,
"sdr": 1.8718107410749907,
"sir": 5.057534677002742,
"sar": 6.049707541143945,
"stoi": 0.8329321718723559,
"mix_path": "/dtu-compute/LibriMix/rmth/Libri2Mix/wav8k/max/test/mix_clean/1580-141083-0033_121-121726-0014.wav",
"input_wer": 1.09375,
"clean_wer": 0.09375,
"wer": 0.78125
}