{
"input_si_sdr": -0.032431960105895996,
"input_sdr": 0.01313001402577485,
"input_sir": 0.013132044066722637,
"input_sar": 66.83610561737063,
"input_stoi": 0.7290383508562652,
"si_sdr": 10.49900770187378,
"sdr": 10.84883827018315,
"sir": 17.774396350899465,
"sar": 11.908493772630589,
"stoi": 0.851278037082503,
"mix_path": "/dtu-compute/LibriMix/rmth/Libri2Mix/wav8k/max/test/mix_clean/1995-1837-0004_5639-40744-0007.wav",
"input_wer": 0.9032258064516129,
"clean_wer": 0.06451612903225806,
"wer": 0.4838709677419355
}