{
"input_si_sdr": -0.06228065490722656,
"input_sdr": 0.08146945542132622,
"input_sir": 0.0814718357653117,
"input_sar": 66.9565371148939,
"input_stoi": 0.7075724470899641,
"si_sdr": 8.913775205612183,
"sdr": 9.380392503411096,
"sir": 14.183277388394638,
"sar": 11.336824609417107,
"stoi": 0.8326101726880989,
"mix_path": "/dtu-compute/LibriMix/rmth/Libri2Mix/wav8k/max/test/mix_clean/121-127105-0011_4970-29095-0009.wav",
"input_wer": 0.9333333333333333,
"clean_wer": 0.1,
"wer": 0.6333333333333333
}