{
"input_si_sdr": 0.03720688819885254,
"input_sdr": 0.07075493907066649,
"input_sir": 0.07075570843193618,
"input_sar": 70.579784897732,
"input_stoi": 0.8461068829711096,
"si_sdr": -1.2028148472309113,
"sdr": -0.09890919862613223,
"sir": 1.5095598861266675,
"sar": 7.342110386803766,
"stoi": 0.7058208144687377,
"mix_path": "/dtu-compute/LibriMix/rmth/Libri2Mix/wav8k/max/test/mix_clean/7021-79740-0007_260-123286-0029.wav",
"input_wer": 0.8928571428571429,
"clean_wer": 0.03571428571428571,
"wer": 1.0714285714285714
}