{
"input_si_sdr": -0.011452972888946533,
"input_sdr": 0.020260888603621185,
"input_sir": 0.02026138283701928,
"input_sar": 72.67484306540214,
"input_stoi": 0.6653801382101472,
"si_sdr": 0.49728530645370483,
"sdr": 0.7381916470224769,
"sir": 1.1964472837827216,
"sar": 17.040668546629576,
"stoi": 0.6622573186459249,
"mix_path": "/dtu-compute/LibriMix/rmth/Libri2Mix/wav8k/max/test/mix_clean/260-123286-0023_2830-3980-0030.wav"
}