{
"input_si_sdr": -0.18962490558624268,
"input_sdr": 0.07611287261575517,
"input_sir": 0.0761143505800217,
"input_sar": 68.06938454069777,
"input_stoi": 0.8145910391780196,
"si_sdr": 6.162629127502441,
"sdr": 6.738515852914173,
"sir": 10.275017718762092,
"sar": 9.72828168398218,
"stoi": 0.9093463742160195,
"mix_path": "/dtu-compute/LibriMix/rmth/Libri2Mix/wav8k/max/test/mix_clean/6829-68769-0044_1320-122612-0008.wav",
"input_wer": 0.84375,
"clean_wer": 0.03125,
"wer": 0.59375
}