{
"input_si_sdr": 0.03496074676513672,
"input_sdr": 0.18988803398889753,
"input_sir": 0.18988866459250198,
"input_sar": 72.05321024755531,
"input_stoi": 0.7579359500550333,
"si_sdr": 10.394795417785645,
"sdr": 10.998255873157252,
"sir": 17.101682061797696,
"sar": 12.345442706159437,
"stoi": 0.9032219432635202,
"mix_path": "/dtu-compute/LibriMix/rmth/Libri2Mix/wav8k/max/test/mix_clean/1284-1181-0009_2830-3980-0013.wav",
"input_wer": 0.9666666666666667,
"clean_wer": 0.0,
"wer": 0.03333333333333333
}