{
"input_si_sdr": 0.09674328565597534,
"input_sdr": 0.2537893341883817,
"input_sir": 0.2537918971993346,
"input_sar": 65.45043002988203,
"input_stoi": 0.733885722900811,
"si_sdr": -1.8435420989990234,
"sdr": -0.7189512458945315,
"sir": 0.26300207774895723,
"sar": 9.10579357928319,
"stoi": 0.6277165071294988,
"mix_path": "/dtu-compute/LibriMix/rmth/Libri2Mix/wav8k/max/test/mix_clean/2094-142345-0024_6829-68771-0036.wav",
"input_wer": 1.1071428571428572,
"clean_wer": 0.2857142857142857,
"wer": 1.3214285714285714
}