{
"input_si_sdr": 0.0022978782653808594,
"input_sdr": 0.21095189137430959,
"input_sir": 0.21095403416362934,
"input_sar": 67.26142361525704,
"input_stoi": 0.7824208514475586,
"si_sdr": -0.6117181777954102,
"sdr": 0.3374855937305221,
"sir": 1.507523137571037,
"sar": 18.684207285583053,
"stoi": 0.7257841021263289,
"mix_path": "/dtu-compute/LibriMix/rmth/Libri2Mix/wav8k/max/test/mix_clean/260-123440-0014_4970-29095-0030.wav"
}