{
"input_si_sdr": 0.05086815357208252,
"input_sdr": 0.1220628646521078,
"input_sir": 0.12206484042845323,
"input_sar": 67.25830611761411,
"input_stoi": 0.805725996653373,
"si_sdr": 3.61533522605896,
"sdr": 3.751446228920184,
"sir": 4.705493944310625,
"sar": 16.14689833166131,
"stoi": 0.8190016083747989,
"mix_path": "/dtu-compute/LibriMix/rmth/Libri2Mix/wav8k/max/test/mix_clean/7021-79730-0008_6829-68771-0020.wav"
}