{
"input_si_sdr": -0.0012159347534179688,
"input_sdr": 0.4444031114977003,
"input_sir": 0.44440736072158415,
"input_sar": 66.72130306644087,
"input_stoi": 0.6769469470876275,
"si_sdr": 9.408516645431519,
"sdr": 10.000353997552391,
"sir": 16.245544072391873,
"sar": 11.417993831394146,
"stoi": 0.8313713197131197,
"mix_path": "/dtu-compute/LibriMix/rmth/Libri2Mix/wav8k/max/test/mix_clean/6930-76324-0001_61-70970-0040.wav",
"input_wer": 0.6666666666666666,
"clean_wer": 0.047619047619047616,
"wer": 0.47619047619047616
}