{
"input_si_sdr": 0.05184459686279297,
"input_sdr": 0.10658847470082344,
"input_sir": 0.10659216291196949,
"input_sar": 64.3835740886601,
"input_stoi": 0.7164468057185901,
"si_sdr": 12.975852012634277,
"sdr": 13.34190855000466,
"sir": 22.011277884150125,
"sar": 14.009430310006177,
"stoi": 0.9011197574256222,
"mix_path": "/dtu-compute/LibriMix/rmth/Libri2Mix/wav8k/max/test/mix_clean/3575-170457-0012_1580-141083-0003.wav",
"input_wer": 0.8888888888888888,
"clean_wer": 0.027777777777777776,
"wer": 0.08333333333333333
}