{
"input_si_sdr": 0.029208660125732422,
"input_sdr": 0.26900103981051426,
"input_sir": 0.2690026388929274,
"input_sar": 72.3429416480593,
"input_stoi": 0.785787544887081,
"si_sdr": 1.57395601272583,
"sdr": 1.9187485524155763,
"sir": 3.100244190832168,
"sar": 16.179903168255997,
"stoi": 0.7904668642457386,
"mix_path": "/dtu-compute/LibriMix/rmth/Libri2Mix/wav8k/max/test/mix_clean/7127-75947-0019_8463-294825-0003.wav",
"input_wer": 0.8461538461538461,
"clean_wer": 0.23076923076923078,
"wer": 0.8846153846153846
}