{
"input_si_sdr": -0.1397188901901245,
"input_sdr": -0.009544947185875508,
"input_sir": -0.009543425881598955,
"input_sar": 68.15480084584132,
"input_stoi": 0.7923580968846056,
"si_sdr": 1.9848840236663818,
"sdr": 2.172281996120323,
"sir": 3.614329628740965,
"sar": 9.508031336695174,
"stoi": 0.7903782310315509,
"mix_path": "/dtu-compute/LibriMix/rmth/Libri2Mix/wav8k/max/test/mix_clean/6829-68769-0008_4992-41806-0004.wav",
"input_wer": 1.1818181818181819,
"clean_wer": 0.045454545454545456,
"wer": 1.0454545454545454
}