{
"input_si_sdr": -0.059601783752441406,
"input_sdr": 0.09882759414754361,
"input_sir": 0.09882920590503819,
"input_sar": 72.85465885706995,
"input_stoi": 0.7925502794862878,
"si_sdr": 6.421277612447739,
"sdr": 6.853637559336277,
"sir": 9.883066692790113,
"sar": 15.155598585365972,
"stoi": 0.826240411397419,
"mix_path": "/dtu-compute/LibriMix/rmth/Libri2Mix/wav8k/max/test/mix_clean/3570-5694-0010_5142-33396-0011.wav"
}