{
"input_si_sdr": -0.09830173850059509,
"input_sdr": -0.0549620001646961,
"input_sir": -0.05496101297155709,
"input_sar": 69.42497183748004,
"input_stoi": 0.7940933132634145,
"si_sdr": 6.477407455444336,
"sdr": 6.674583804695742,
"sir": 11.75293481650009,
"sar": 8.995627358843231,
"stoi": 0.8892648234425108,
"mix_path": "/dtu-compute/LibriMix/rmth/Libri2Mix/wav8k/max/test/mix_clean/1995-1836-0009_7729-102255-0020.wav",
"input_wer": 1.4411764705882353,
"clean_wer": 0.17647058823529413,
"wer": 0.7352941176470589
}