{
"input_si_sdr": 0.22527098655700684,
"input_sdr": 0.4420536800789576,
"input_sir": 0.44205491236451966,
"input_sar": 68.87697463076375,
"input_stoi": 0.7834720474258199,
"si_sdr": 11.15717077255249,
"sdr": 11.678345332046339,
"sir": 19.35487812400931,
"sar": 12.569192527122162,
"stoi": 0.9115290968050818,
"mix_path": "/dtu-compute/LibriMix/rmth/Libri2Mix/wav8k/max/test/mix_clean/61-70968-0034_5105-28241-0006.wav",
"input_wer": 1.0625,
"clean_wer": 0.125,
"wer": 0.40625
}