{
"input_si_sdr": -0.2047135829925537,
"input_sdr": -0.03940828854176637,
"input_sir": -0.03940676732362647,
"input_sar": 69.79627925153113,
"input_stoi": 0.7241295846925682,
"si_sdr": 10.363065004348755,
"sdr": 10.84543026550888,
"sir": 17.54256125571879,
"sar": 12.006972685662745,
"stoi": 0.894344269812114,
"mix_path": "/dtu-compute/LibriMix/rmth/Libri2Mix/wav8k/max/test/mix_clean/7021-85628-0022_2300-131720-0014.wav",
"input_wer": 0.9166666666666666,
"clean_wer": 0.0,
"wer": 0.0
}