{
"input_si_sdr": 0.011589869856834412,
"input_sdr": 0.15049778685145385,
"input_sir": 0.15049992401697643,
"input_sar": 66.17449097156495,
"input_stoi": 0.6854403975287227,
"si_sdr": 0.7566788196563721,
"sdr": 1.2659171343362279,
"sir": 2.2211863883731446,
"sar": 18.523044482807663,
"stoi": 0.6449491046655691,
"mix_path": "/dtu-compute/LibriMix/rmth/Libri2Mix/wav8k/max/test/mix_clean/8455-210777-0065_1320-122617-0022.wav",
"input_wer": 0.9583333333333334,
"clean_wer": 0.08333333333333333,
"wer": 1.0833333333333333
}