{
"input_si_sdr": 0.0012485980987548828,
"input_sdr": 0.1876070023247265,
"input_sir": 0.1876115368712905,
"input_sar": 65.87500080134109,
"input_stoi": 0.7422082479511463,
"si_sdr": -0.7535796165466309,
"sdr": 0.5897172843463552,
"sir": 4.251939382529258,
"sar": 9.553066055263297,
"stoi": 0.6658167147885786,
"mix_path": "/dtu-compute/LibriMix/rmth/Libri2Mix/wav8k/max/test/mix_clean/672-122797-0040_5683-32866-0024.wav",
"input_wer": 1.0714285714285714,
"clean_wer": 0.14285714285714285,
"wer": 0.8809523809523809
}