{
"input_si_sdr": 0.013985514640808105,
"input_sdr": 0.19130923272823397,
"input_sir": 0.19131212906738426,
"input_sar": 65.44175926164527,
"input_stoi": 0.8088884217130365,
"si_sdr": 11.525952816009521,
"sdr": 12.007028814976316,
"sir": 20.029585188443278,
"sar": 12.7997001875449,
"stoi": 0.9313567706052939,
"mix_path": "/dtu-compute/LibriMix/rmth/Libri2Mix/wav8k/max/test/mix_clean/672-122797-0021_4446-2273-0032.wav",
"input_wer": 0.9459459459459459,
"clean_wer": 0.0,
"wer": 0.0
}