{
"input_si_sdr": 0.005645751953125,
"input_sdr": 0.06574486146541414,
"input_sir": 0.0657460625319255,
"input_sar": 69.23387121870405,
"input_stoi": 0.7410113808774084,
"si_sdr": 12.497973442077637,
"sdr": 13.063547326937268,
"sir": 20.27868825932023,
"sar": 14.038881563774742,
"stoi": 0.9030595375017385,
"mix_path": "/dtu-compute/LibriMix/rmth/Libri2Mix/wav8k/max/test/mix_clean/908-31957-0007_5105-28233-0000.wav",
"input_wer": 1.391304347826087,
"clean_wer": 0.043478260869565216,
"wer": 0.21739130434782608
}