{
"input_si_sdr": 0.14997434616088867,
"input_sdr": 0.3192409840194719,
"input_sir": 0.3192418293934409,
"input_sar": 74.18676200804488,
"input_stoi": 0.7596232536995333,
"si_sdr": 9.974128484725952,
"sdr": 10.313477674826206,
"sir": 16.864739227255697,
"sar": 12.411766061563508,
"stoi": 0.8595825981328492,
"mix_path": "/dtu-compute/LibriMix/rmth/Libri2Mix/wav8k/max/test/mix_clean/61-70968-0007_7176-88083-0021.wav",
"input_wer": 1.0,
"clean_wer": 0.0425531914893617,
"wer": 0.2553191489361702
}