{
"input_si_sdr": 0.06163680553436279,
"input_sdr": 0.12677184570736055,
"input_sir": 0.12677413190145792,
"input_sar": 66.76528399106823,
"input_stoi": 0.7873184396610293,
"si_sdr": 9.333881855010986,
"sdr": 9.533949682655273,
"sir": 15.014596806958162,
"sar": 11.865192969825262,
"stoi": 0.9001108018270665,
"mix_path": "/dtu-compute/LibriMix/rmth/Libri2Mix/wav8k/max/test/mix_clean/7176-92135-0042_1580-141084-0015.wav",
"input_wer": 0.9032258064516129,
"clean_wer": 0.03225806451612903,
"wer": 0.8387096774193549
}