{
"input_si_sdr": -0.23985397815704346,
"input_sdr": -0.13352637015836655,
"input_sir": -0.13352510333051348,
"input_sar": 68.54684347761535,
"input_stoi": 0.783723218711698,
"si_sdr": 13.328014850616455,
"sdr": 13.64974024710201,
"sir": 22.95923440650658,
"sar": 14.2176405307939,
"stoi": 0.9379012772619623,
"mix_path": "/dtu-compute/LibriMix/rmth/Libri2Mix/wav8k/max/test/mix_clean/1320-122617-0033_3575-170457-0045.wav",
"input_wer": 0.8703703703703703,
"clean_wer": 0.05555555555555555,
"wer": 0.037037037037037035
}