{
"input_si_sdr": -0.024865180253982544,
"input_sdr": 0.06516691395707447,
"input_sir": 0.0651699681563081,
"input_sar": 64.59709639618646,
"input_stoi": 0.7098247213655513,
"si_sdr": -0.22523198276758194,
"sdr": 0.36719919207717855,
"sir": 1.5380766925618643,
"sar": 9.00247860328085,
"stoi": 0.6550671816403564,
"mix_path": "/dtu-compute/LibriMix/rmth/Libri2Mix/wav8k/max/test/mix_clean/2094-142345-0029_1995-1837-0012.wav",
"input_wer": 1.0,
"clean_wer": 0.06521739130434782,
"wer": 1.0434782608695652
}