{
"input_si_sdr": 0.0009583085775375366,
"input_sdr": 0.05997355461728879,
"input_sir": 0.059974576845097216,
"input_sar": 69.33426304561388,
"input_stoi": 0.7961483334224175,
"si_sdr": 1.307722568511963,
"sdr": 1.9006260169499107,
"sir": 5.012825315852783,
"sar": 6.7889931535725125,
"stoi": 0.7734016485191961,
"mix_path": "/dtu-compute/LibriMix/rmth/Libri2Mix/wav8k/max/test/mix_clean/4446-2275-0002_2300-131720-0023.wav",
"input_wer": 0.8524590163934426,
"clean_wer": 0.09836065573770492,
"wer": 0.9016393442622951
}