{
"input_si_sdr": 0.06094002723693848,
"input_sdr": 0.22183211487504728,
"input_sir": 0.22183309220577163,
"input_sar": 69.87301447027153,
"input_stoi": 0.7848758593344907,
"si_sdr": 6.2152087688446045,
"sdr": 7.253791694153362,
"sir": 12.780493968466777,
"sar": 9.925732745858072,
"stoi": 0.8009047608846022,
"mix_path": "/dtu-compute/LibriMix/rmth/Libri2Mix/wav8k/max/test/mix_clean/7729-102255-0001_5683-32866-0030.wav"
}