{
"input_si_sdr": -0.0508427619934082,
"input_sdr": -0.027754877287909263,
"input_sir": -0.027754350594546118,
"input_sar": 73.9388618280351,
"input_stoi": 0.8245712256961578,
"si_sdr": 10.47336483001709,
"sdr": 11.143728449212887,
"sir": 18.778699345479616,
"sar": 12.253781943480657,
"stoi": 0.9213610959850072,
"mix_path": "/dtu-compute/LibriMix/rmth/Libri2Mix/wav8k/max/test/mix_clean/61-70968-0025_2094-142345-0006.wav",
"input_wer": 1.0408163265306123,
"clean_wer": 0.04081632653061224,
"wer": 0.08163265306122448
}