{
"input_si_sdr": -0.07638430595397949,
"input_sdr": 0.22585731930309105,
"input_sir": 0.22585938632848368,
"input_sar": 67.82559011000016,
"input_stoi": 0.7868801528711482,
"si_sdr": 6.637087345123291,
"sdr": 7.243989219683639,
"sir": 12.498571560376757,
"sar": 9.287098089279386,
"stoi": 0.8211259131497965,
"mix_path": "/dtu-compute/LibriMix/rmth/Libri2Mix/wav8k/max/test/mix_clean/4970-29095-0034_8455-210777-0049.wav"
}