{
"input_si_sdr": -0.21405966579914093,
"input_sdr": 0.030706409043454064,
"input_sir": 0.03070838222654726,
"input_sar": 66.47554769691455,
"input_stoi": 0.6835260148025643,
"si_sdr": 5.169320106506348,
"sdr": 5.815302502648961,
"sir": 11.943572196402858,
"sar": 8.280638447977715,
"stoi": 0.7494790311603907,
"mix_path": "/dtu-compute/LibriMix/rmth/Libri2Mix/wav8k/max/test/mix_clean/1188-133604-0036_2961-960-0007.wav",
"input_wer": 0.6857142857142857,
"clean_wer": 0.0,
"wer": 0.5428571428571428
}