{
"input_si_sdr": 0.025694072246551514,
"input_sdr": 0.1089573026098446,
"input_sir": 0.10895810006142559,
"input_sar": 70.61352922131883,
"input_stoi": 0.7706758751388428,
"si_sdr": -1.6417068243026733,
"sdr": -1.2700503624683352,
"sir": 1.748149648663087,
"sar": 15.41178921606345,
"stoi": 0.6726150487005838,
"mix_path": "/dtu-compute/LibriMix/rmth/Libri2Mix/wav8k/max/test/mix_clean/7729-102255-0024_61-70970-0002.wav",
"input_wer": 1.1578947368421053,
"clean_wer": 0.15789473684210525,
"wer": 1.263157894736842
}