{
"input_si_sdr": -0.07760119438171387,
"input_sdr": 0.09895648984488625,
"input_sir": 0.09895730782479806,
"input_sar": 71.26032787448402,
"input_stoi": 0.6942281014118103,
"si_sdr": 1.6313608884811401,
"sdr": 2.4443963288119908,
"sir": 4.216272527915886,
"sar": 9.828468961157803,
"stoi": 0.7482477047425863,
"mix_path": "/dtu-compute/LibriMix/rmth/Libri2Mix/wav8k/max/test/mix_clean/2094-142345-0053_1284-1180-0003.wav",
"input_wer": 0.8484848484848485,
"clean_wer": 0.06060606060606061,
"wer": 0.45454545454545453
}