{
"input_si_sdr": -0.0022423267364501953,
"input_sdr": 0.24039277018213312,
"input_sir": 0.24039523942952323,
"input_sar": 66.54017766432614,
"input_stoi": 0.6841155913245687,
"si_sdr": 3.2261959202587605,
"sdr": 4.064008577231038,
"sir": 7.4229024680011335,
"sar": 9.619921465595757,
"stoi": 0.7574056543356819,
"mix_path": "/dtu-compute/LibriMix/rmth/Libri2Mix/wav8k/max/test/mix_clean/908-157963-0022_4970-29093-0014.wav",
"input_wer": 1.1363636363636365,
"clean_wer": 0.09090909090909091,
"wer": 0.8636363636363636
}