{
"input_si_sdr": -0.03342723846435547,
"input_sdr": 0.031737870156604675,
"input_sir": 0.03173878789738671,
"input_sar": 70.92693656188666,
"input_stoi": 0.7936585165673826,
"si_sdr": 9.72836446762085,
"sdr": 10.69729394168776,
"sir": 16.823821398091294,
"sar": 12.345736512924468,
"stoi": 0.888665701775136,
"mix_path": "/dtu-compute/LibriMix/rmth/Libri2Mix/wav8k/max/test/mix_clean/260-123286-0019_1580-141083-0024.wav",
"input_wer": 1.0930232558139534,
"clean_wer": 0.06976744186046512,
"wer": 0.20930232558139536
}