{
"si_sdr": 9.839843885222217,
"si_sdr_imp": 9.839690364945428,
"sdr": 10.370550070807269,
"sdr_imp": 10.234657331790697,
"sir": 17.360654386286637,
"sir_imp": 17.22475998370301,
"sar": 11.973037086224403,
"sar_imp": -56.954164428142626,
"stoi": 0.8762997298712853,
"stoi_imp": 0.11327720666692924,
"wer": 0.30887922433799425,
"wer_imp": -0.7108114738941145
}