{
"input_si_sdr": -0.04631185531616211,
"input_sdr": 0.2764408773337341,
"input_sir": 0.2764448126421555,
"input_sar": 65.28985838147392,
"input_stoi": 0.7251434779864196,
"si_sdr": 13.736865997314453,
"sdr": 14.37797262383377,
"sir": 22.754857262080407,
"sar": 15.13774601576266,
"stoi": 0.8689396225195047,
"mix_path": "/dtu-compute/LibriMix/rmth/Libri2Mix/wav8k/max/test/mix_clean/4446-2273-0001_1089-134691-0018.wav",
"input_wer": 0.9473684210526315,
"clean_wer": 0.0,
"wer": 0.05263157894736842
}