{
"input_si_sdr": -0.026838600635528564,
"input_sdr": 0.05732334633326436,
"input_sir": 0.057325341759823956,
"input_sar": 66.47204449812443,
"input_stoi": 0.8198859903460665,
"si_sdr": 3.1989084482192993,
"sdr": 3.4271303763007364,
"sir": 4.165833475331838,
"sar": 19.244818217403097,
"stoi": 0.8455886898734926,
"mix_path": "/dtu-compute/LibriMix/rmth/Libri2Mix/wav8k/max/test/mix_clean/4446-2273-0032_8230-279154-0039.wav"
}