{
"input_si_sdr": -0.03125476837158203,
"input_sdr": 0.39553035536072123,
"input_sir": 0.395531678449772,
"input_sar": 73.01425285554126,
"input_stoi": 0.7987085079281679,
"si_sdr": 1.653007984161377,
"sdr": 2.0727830972178083,
"sir": 4.022716225809129,
"sar": 9.097682184023567,
"stoi": 0.8240549950736475,
"mix_path": "/dtu-compute/LibriMix/rmth/Libri2Mix/wav8k/max/test/mix_clean/6829-68771-0022_3570-5694-0000.wav",
"input_wer": 1.14,
"clean_wer": 0.06,
"wer": 1.14
}