{
"input_si_sdr": -0.08211767673492432,
"input_sdr": 0.022813674906416503,
"input_sir": 0.02281585215814763,
"input_sar": 66.49467327191252,
"input_stoi": 0.8042714891806693,
"si_sdr": 7.810023307800293,
"sdr": 8.657327665599649,
"sir": 15.147554828006534,
"sar": 10.175405114442398,
"stoi": 0.9113943829437883,
"mix_path": "/dtu-compute/LibriMix/rmth/Libri2Mix/wav8k/max/test/mix_clean/4970-29093-0013_7021-85628-0006.wav",
"input_wer": 1.0303030303030303,
"clean_wer": 0.06060606060606061,
"wer": 0.21212121212121213
}