{
"input_si_sdr": 0.057704001665115356,
"input_sdr": 0.2562108972619783,
"input_sir": 0.25621207298755455,
"input_sar": 68.82851346405843,
"input_stoi": 0.7640079548287377,
"si_sdr": 2.4225932955741882,
"sdr": 2.861658603672077,
"sir": 5.28653217165329,
"sar": 8.183172850876819,
"stoi": 0.7897535269788378,
"mix_path": "/dtu-compute/LibriMix/rmth/Libri2Mix/wav8k/max/test/mix_clean/7021-79740-0009_61-70970-0018.wav",
"input_wer": 1.3333333333333333,
"clean_wer": 0.041666666666666664,
"wer": 1.0
}