{
"si_sdr": 4.591702270952597,
"si_sdr_imp": 4.591548750675807,
"sdr": 5.07814374512416,
"sdr_imp": 4.942251006107582,
"sir": 9.352824592664966,
"sir_imp": 9.216930190081428,
"sar": 9.009883149646557,
"sar_imp": -59.91731836472037,
"stoi": 0.8205607977123613,
"stoi_imp": 0.057538274508002946,
"wer": 0.6821931881294158,
"wer_imp": -0.33749751010269247
}