{
"input_si_sdr": -0.024318590760231018,
"input_sdr": 0.03228512261828809,
"input_sir": 0.0322867795584976,
"input_sar": 67.22632851072726,
"input_stoi": 0.7478729304826801,
"si_sdr": 3.120851159095764,
"sdr": 4.1999425117759435,
"sir": 8.905177759980518,
"sar": 9.67407662048505,
"stoi": 0.787670621795314,
"mix_path": "/dtu-compute/LibriMix/rmth/Libri2Mix/wav8k/max/test/mix_clean/4970-29095-0005_4446-2271-0018.wav",
"input_wer": 0.9642857142857143,
"clean_wer": 0.07142857142857142,
"wer": 0.7857142857142857
}