{
"input_si_sdr": -0.01683824509382248,
"input_sdr": 0.02706418984396168,
"input_sir": 0.02706524684959978,
"input_sar": 69.16354043860287,
"input_stoi": 0.6958670452097102,
"si_sdr": 1.7961745262145996,
"sdr": 1.9711985382698305,
"sir": 3.813582795394498,
"sar": 8.328797281022988,
"stoi": 0.7072896671863336,
"mix_path": "/dtu-compute/LibriMix/rmth/Libri2Mix/wav8k/max/test/mix_clean/7127-75946-0002_1284-134647-0007.wav",
"input_wer": 0.8961038961038961,
"clean_wer": 0.012987012987012988,
"wer": 0.7792207792207793
}