{
"input_si_sdr": 0.146994948387146,
"input_sdr": 0.18614887407041691,
"input_sir": 0.18615037485532948,
"input_sar": 68.2383516926258,
"input_stoi": 0.7246640189551492,
"si_sdr": 12.005687236785889,
"sdr": 12.373399372614747,
"sir": 20.58408537538424,
"sar": 13.170017797868653,
"stoi": 0.8511381237044064,
"mix_path": "/dtu-compute/LibriMix/rmth/Libri2Mix/wav8k/max/test/mix_clean/1995-1826-0011_2094-142345-0037.wav",
"input_wer": 1.0377358490566038,
"clean_wer": 0.05660377358490566,
"wer": 0.11320754716981132
}