{
"input_si_sdr": 0.04845452308654785,
"input_sdr": 0.10080131932830083,
"input_sir": 0.10080403375576052,
"input_sar": 65.53825467189793,
"input_stoi": 0.7031998341742752,
"si_sdr": 9.24238395690918,
"sdr": 9.633692990674806,
"sir": 16.55766159429143,
"sar": 10.735163799938778,
"stoi": 0.8682146165328566,
"mix_path": "/dtu-compute/LibriMix/rmth/Libri2Mix/wav8k/max/test/mix_clean/8455-210777-0046_3575-170457-0020.wav",
"input_wer": 1.096774193548387,
"clean_wer": 0.06451612903225806,
"wer": 0.3225806451612903
}