{
"input_si_sdr": -0.19699478149414062,
"input_sdr": -0.01745988866557946,
"input_sir": -0.01745836207595719,
"input_sar": 69.19215501353705,
"input_stoi": 0.8300173742091497,
"si_sdr": 3.800873778760433,
"sdr": 4.452834854303942,
"sir": 7.2964645291352195,
"sar": 9.384205582815193,
"stoi": 0.8628687227625649,
"mix_path": "/dtu-compute/LibriMix/rmth/Libri2Mix/wav8k/max/test/mix_clean/908-157963-0021_8463-287645-0001.wav",
"input_wer": 1.0571428571428572,
"clean_wer": 0.05714285714285714,
"wer": 1.0285714285714285
}