{
"input_si_sdr": -0.004081539809703827,
"input_sdr": 0.0734566161995886,
"input_sir": 0.07345816746327105,
"input_sar": 67.52096816005411,
"input_stoi": 0.8046127619272476,
"si_sdr": -0.09514307975769043,
"sdr": 0.0836699133030615,
"sir": 1.9894389992908594,
"sar": 11.134920760166766,
"stoi": 0.7475061435952737,
"mix_path": "/dtu-compute/LibriMix/rmth/Libri2Mix/wav8k/max/test/mix_clean/1284-1180-0005_6829-68771-0000.wav",
"input_wer": 1.0677966101694916,
"clean_wer": 0.01694915254237288,
"wer": 1.0
}