{
"input_si_sdr": -0.09392499923706055,
"input_sdr": 0.005590059145809123,
"input_sir": 0.005592827650645393,
"input_sar": 65.5439178118439,
"input_stoi": 0.7437458775776036,
"si_sdr": -0.3063380718231201,
"sdr": -0.0009507109323529939,
"sir": 0.17337943870251027,
"sar": 21.988957649495994,
"stoi": 0.7300830488207991,
"mix_path": "/dtu-compute/LibriMix/rmth/Libri2Mix/wav8k/max/test/mix_clean/5142-33396-0068_7127-75947-0013.wav"
}