{
"input_si_sdr": 0.01349174976348877,
"input_sdr": 0.0728726577659774,
"input_sir": 0.07287377738804013,
"input_sar": 69.13505546287966,
"input_stoi": 0.8164799035830768,
"si_sdr": 4.705555438995361,
"sdr": 5.579693256338189,
"sir": 9.49426931323322,
"sar": 10.025227259965098,
"stoi": 0.8345209628401062,
"mix_path": "/dtu-compute/LibriMix/rmth/Libri2Mix/wav8k/max/test/mix_clean/1320-122617-0034_7127-75947-0007.wav",
"input_wer": 0.8444444444444444,
"clean_wer": 0.022222222222222223,
"wer": 0.8
}