{
"input_si_sdr": -0.010952115058898926,
"input_sdr": 0.06755160430257168,
"input_sir": 0.06755293097542014,
"input_sar": 68.54142554241236,
"input_stoi": 0.7577702224209446,
"si_sdr": 4.644182920455933,
"sdr": 5.013690974647634,
"sir": 8.083544498057211,
"sar": 8.770769859985393,
"stoi": 0.8068582824658377,
"mix_path": "/dtu-compute/LibriMix/rmth/Libri2Mix/wav8k/max/test/mix_clean/1284-1181-0008_2300-131720-0030.wav"
}