{
"input_si_sdr": 0.025943756103515625,
"input_sdr": 0.146405740748889,
"input_sir": 0.1464076882265326,
"input_sar": 67.81526665489436,
"input_stoi": 0.7165027401616633,
"si_sdr": 1.0049951076507568,
"sdr": 2.0099051283313623,
"sir": 3.328878034810423,
"sar": 15.672843376928013,
"stoi": 0.7339924898375028,
"mix_path": "/dtu-compute/LibriMix/rmth/Libri2Mix/wav8k/max/test/mix_clean/5683-32879-0010_8463-294828-0036.wav",
"input_wer": 0.95,
"clean_wer": 0.0,
"wer": 0.75
}