{
"input_si_sdr": -0.033003292977809906,
"input_sdr": 0.035825118271404235,
"input_sir": 0.03582771922218185,
"input_sar": 65.25631363303265,
"input_stoi": 0.7004349335116223,
"si_sdr": 4.092535495758057,
"sdr": 4.480366018640672,
"sir": 6.372253325322088,
"sar": 9.903912626885536,
"stoi": 0.7225404073107892,
"mix_path": "/dtu-compute/LibriMix/rmth/Libri2Mix/wav8k/max/test/mix_clean/5142-33396-0037_4446-2271-0010.wav"
}