{
"input_si_sdr": 0.011887788772583008,
"input_sdr": 0.06783954104064072,
"input_sir": 0.06784134255225904,
"input_sar": 67.11310938744533,
"input_stoi": 0.7036988157535535,
"si_sdr": 0.9561784267425537,
"sdr": 1.4227766670514241,
"sir": 3.002880324757161,
"sar": 9.29554631832426,
"stoi": 0.7293934536009961,
"mix_path": "/dtu-compute/LibriMix/rmth/Libri2Mix/wav8k/max/test/mix_clean/121-127105-0002_2961-960-0015.wav",
"input_wer": 0.9111111111111111,
"clean_wer": 0.044444444444444446,
"wer": 0.6888888888888889
}