{
"input_si_sdr": -0.006147623062133789,
"input_sdr": 0.1708101865799787,
"input_sir": 0.17081184529773408,
"input_sar": 67.5954265303414,
"input_stoi": 0.704589347523257,
"si_sdr": 6.103825807571411,
"sdr": 7.03070873399206,
"sir": 10.803970123672816,
"sar": 9.76237776527569,
"stoi": 0.8029758754914471,
"mix_path": "/dtu-compute/LibriMix/rmth/Libri2Mix/wav8k/max/test/mix_clean/6930-75918-0008_672-122797-0056.wav",
"input_wer": 1.1363636363636365,
"clean_wer": 0.0,
"wer": 0.7727272727272727
}