{
"input_si_sdr": -0.05544304847717285,
"input_sdr": 0.012685639449934394,
"input_sir": 0.01268787565231455,
"input_sar": 66.46660429429726,
"input_stoi": 0.7482939957554899,
"si_sdr": 13.534951210021973,
"sdr": 13.879485316911413,
"sir": 21.779875838685648,
"sar": 14.7011007392081,
"stoi": 0.8881864259184905,
"mix_path": "/dtu-compute/LibriMix/rmth/Libri2Mix/wav8k/max/test/mix_clean/2830-3979-0000_5142-36377-0004.wav",
"input_wer": 0.825,
"clean_wer": 0.025,
"wer": 0.05
}