{
"input_si_sdr": 0.0255124568939209,
"input_sdr": 0.11936941701730608,
"input_sir": 0.11937102251226706,
"input_sar": 67.7836449653565,
"input_stoi": 0.7504811431029115,
"si_sdr": 9.653636932373047,
"sdr": 10.432286124995294,
"sir": 17.34215351273277,
"sar": 11.771407449790813,
"stoi": 0.8819527126736677,
"mix_path": "/dtu-compute/LibriMix/rmth/Libri2Mix/wav8k/max/test/mix_clean/5142-36377-0023_1320-122617-0019.wav",
"input_wer": 1.275,
"clean_wer": 0.05,
"wer": 0.55
}