{
"input_si_sdr": 0.1883552074432373,
"input_sdr": 0.438688835706329,
"input_sir": 0.4386920634247091,
"input_sar": 66.80849797389092,
"input_stoi": 0.7349828745288063,
"si_sdr": 0.8130092620849609,
"sdr": 1.2597661531587736,
"sir": 3.0141184784979607,
"sar": 9.297884409501314,
"stoi": 0.7641931152206908,
"mix_path": "/dtu-compute/LibriMix/rmth/Libri2Mix/wav8k/max/test/mix_clean/5105-28240-0022_4446-2275-0021.wav",
"input_wer": 0.5517241379310345,
"clean_wer": 0.0,
"wer": 0.5517241379310345
}