{
"input_si_sdr": -0.23818325996398926,
"input_sdr": 0.16243047473103367,
"input_sir": 0.16243182283126245,
"input_sar": 69.1858528303683,
"input_stoi": 0.7609149863496768,
"si_sdr": 2.2411091178655624,
"sdr": 2.925581192510581,
"sir": 5.621328348768747,
"sar": 18.247873822757565,
"stoi": 0.7421439565790466,
"mix_path": "/dtu-compute/LibriMix/rmth/Libri2Mix/wav8k/max/test/mix_clean/7127-75947-0021_4507-16021-0048.wav",
"input_wer": 1.2173913043478262,
"clean_wer": 0.08695652173913043,
"wer": 1.1304347826086956
}