{
"input_si_sdr": -0.11890554428100586,
"input_sdr": 0.07039877113304627,
"input_sir": 0.07039956877032427,
"input_sar": 71.80826698795175,
"input_stoi": 0.825799413843511,
"si_sdr": 4.168189287185669,
"sdr": 4.935903886915743,
"sir": 8.152914513217247,
"sar": 13.56820790255478,
"stoi": 0.8262261200761378,
"mix_path": "/dtu-compute/LibriMix/rmth/Libri2Mix/wav8k/max/test/mix_clean/3575-170457-0042_1580-141083-0007.wav"
}