{
"input_si_sdr": -0.10121726989746094,
"input_sdr": 0.002349046916316766,
"input_sir": 0.002350848799964833,
"input_sar": 69.4142745053174,
"input_stoi": 0.7644484239869209,
"si_sdr": 2.2497934103012085,
"sdr": 2.630562147562665,
"sir": 9.51782897918183,
"sar": 4.829478661418827,
"stoi": 0.8043036288991832,
"mix_path": "/dtu-compute/LibriMix/rmth/Libri2Mix/wav8k/max/test/mix_clean/237-134493-0015_3570-5694-0002.wav",
"input_wer": 1.04,
"clean_wer": 0.04,
"wer": 0.82
}