{
"input_si_sdr": -0.08443784713745117,
"input_sdr": 0.07286598035773095,
"input_sir": 0.07286703771482927,
"input_sar": 69.69459491817884,
"input_stoi": 0.7953892405331949,
"si_sdr": 4.998906135559082,
"sdr": 5.679843452393126,
"sir": 8.715312629706807,
"sar": 11.231574352086751,
"stoi": 0.8072185014350417,
"mix_path": "/dtu-compute/LibriMix/rmth/Libri2Mix/wav8k/max/test/mix_clean/5105-28240-0007_61-70970-0035.wav"
}