{
"input_si_sdr": 0.04826045036315918,
"input_sdr": 0.16158648317264124,
"input_sir": 0.16158732893453287,
"input_sar": 71.56990610216229,
"input_stoi": 0.6686319761228035,
"si_sdr": 11.866884231567383,
"sdr": 12.280221717650475,
"sir": 20.37896654900366,
"sar": 13.122601575369348,
"stoi": 0.8677882243305444,
"mix_path": "/dtu-compute/LibriMix/rmth/Libri2Mix/wav8k/max/test/mix_clean/5142-33396-0025_1284-1180-0023.wav",
"input_wer": 1.0,
"clean_wer": 0.09375,
"wer": 0.28125
}