{
"input_si_sdr": -0.018317699432373047,
"input_sdr": 0.16138927919590973,
"input_sir": 0.1613924273718519,
"input_sar": 69.93143947015707,
"input_stoi": 0.7535775499214343,
"si_sdr": 1.1702923774719238,
"sdr": 1.7944350018121025,
"sir": 2.850385364030998,
"sar": 12.451680924671523,
"stoi": 0.7592526181765415,
"mix_path": "/dtu-compute/LibriMix/rmth/Libri2Mix/wav8k/max/test/mix_clean/5683-32879-0003_5142-33396-0035.wav",
"input_wer": 1.2,
"clean_wer": 0.11428571428571428,
"wer": 1.1428571428571428
}