{
"input_si_sdr": 0.06877350807189941,
"input_sdr": 0.5651480793776611,
"input_sir": 0.5651489650312107,
"input_sar": 72.80703236233872,
"input_stoi": 0.8603124216544363,
"si_sdr": 3.725486122071743,
"sdr": 4.861323429521478,
"sir": 7.255162982542775,
"sar": 18.131669125434247,
"stoi": 0.8710333922658985,
"mix_path": "/dtu-compute/LibriMix/rmth/Libri2Mix/wav8k/max/test/mix_clean/121-121726-0005_8455-210777-0005.wav",
"input_wer": 0.85,
"clean_wer": 0.1,
"wer": 0.25
}