{
"input_si_sdr": 0.012378215789794922,
"input_sdr": 0.10900359435180018,
"input_sir": 0.10900590199038085,
"input_sar": 67.58095074068176,
"input_stoi": 0.8013652495225276,
"si_sdr": -0.05583953857421875,
"sdr": 0.11446107957473917,
"sir": 0.21755062452740237,
"sar": 21.34773679318147,
"stoi": 0.8043421159689129,
"mix_path": "/dtu-compute/LibriMix/rmth/Libri2Mix/wav8k/max/test/mix_clean/5683-32866-0001_1284-1180-0005.wav"
}