{
"input_si_sdr": 0.09514045715332031,
"input_sdr": 0.19398421105615382,
"input_sir": 0.1939852380238456,
"input_sar": 70.27097110098507,
"input_stoi": 0.7805762116883772,
"si_sdr": 9.793924808502197,
"sdr": 10.172584358843405,
"sir": 17.317288568142203,
"sar": 11.242809849835865,
"stoi": 0.8770571752417697,
"mix_path": "/dtu-compute/LibriMix/rmth/Libri2Mix/wav8k/max/test/mix_clean/2961-960-0012_6829-68771-0015.wav",
"input_wer": 0.8484848484848485,
"clean_wer": 0.06060606060606061,
"wer": 0.24242424242424243
}