{
"input_si_sdr": -0.07864570617675781,
"input_sdr": 0.08634993810630487,
"input_sir": 0.08635210825006467,
"input_sar": 70.08656611018644,
"input_stoi": 0.754758893093288,
"si_sdr": 1.5269317626953125,
"sdr": 1.897765004144211,
"sir": 3.36207608409008,
"sar": 12.55211906711041,
"stoi": 0.7638358537704031,
"mix_path": "/dtu-compute/LibriMix/rmth/Libri2Mix/wav8k/max/test/mix_clean/2300-131720-0030_1089-134686-0025.wav"
}