{
"input_si_sdr": -0.09996581077575684,
"input_sdr": -0.011573383858920927,
"input_sir": -0.01157000722906476,
"input_sar": 65.16623566230875,
"input_stoi": 0.7378362101018753,
"si_sdr": 11.253341674804688,
"sdr": 11.769902126045121,
"sir": 18.7581319668596,
"sar": 12.988258237902983,
"stoi": 0.8394985532359337,
"mix_path": "/dtu-compute/LibriMix/rmth/Libri2Mix/wav8k/max/test/mix_clean/8230-279154-0027_672-122797-0057.wav",
"input_wer": 1.054054054054054,
"clean_wer": 0.02702702702702703,
"wer": 0.13513513513513514
}