{
"input_si_sdr": 0.10265588760375977,
"input_sdr": 0.19968770632586885,
"input_sir": 0.19969006831908231,
"input_sar": 69.57599583582255,
"input_stoi": 0.7487889904264804,
"si_sdr": 10.711731910705566,
"sdr": 11.220842174916136,
"sir": 17.813785965226565,
"sar": 12.413213886113137,
"stoi": 0.8804706124944929,
"mix_path": "/dtu-compute/LibriMix/rmth/Libri2Mix/wav8k/max/test/mix_clean/6930-81414-0002_7021-85628-0023.wav",
"input_wer": 1.064516129032258,
"clean_wer": 0.0,
"wer": 0.12903225806451613
}