{
"input_si_sdr": -0.053487300872802734,
"input_sdr": 0.04042950478598373,
"input_sir": 0.04043070315288655,
"input_sar": 68.90262651080192,
"input_stoi": 0.6945018289611147,
"si_sdr": 9.723199844360352,
"sdr": 10.337416073617893,
"sir": 16.16148494063449,
"sar": 11.784305641384844,
"stoi": 0.8691467417787535,
"mix_path": "/dtu-compute/LibriMix/rmth/Libri2Mix/wav8k/max/test/mix_clean/4992-23283-0016_61-70968-0004.wav",
"input_wer": 0.9047619047619048,
"clean_wer": 0.19047619047619047,
"wer": 0.38095238095238093
}