{
"input_si_sdr": 0.07689881324768066,
"input_sdr": 0.12044331794467378,
"input_sir": 0.12044421993931187,
"input_sar": 70.0935058909196,
"input_stoi": 0.7467620441443354,
"si_sdr": 1.1060801036655903,
"sdr": 1.2023283331191612,
"sir": 1.3229374391894289,
"sar": 22.27307634700191,
"stoi": 0.7568941977045399,
"mix_path": "/dtu-compute/LibriMix/rmth/Libri2Mix/wav8k/max/test/mix_clean/7127-75947-0015_3729-6852-0029.wav"
}