{
"input_si_sdr": 0.003758043050765991,
"input_sdr": 0.04843011383840956,
"input_sir": 0.04843104541524926,
"input_sar": 69.72879809401559,
"input_stoi": 0.7176416200710831,
"si_sdr": 2.6468230485916138,
"sdr": 3.4147196183682387,
"sir": 8.753225700087762,
"sar": 6.957729097707606,
"stoi": 0.7656122502261045,
"mix_path": "/dtu-compute/LibriMix/rmth/Libri2Mix/wav8k/max/test/mix_clean/3729-6852-0038_8455-210777-0033.wav",
"input_wer": 0.8,
"clean_wer": 0.025,
"wer": 0.8
}