{
"input_si_sdr": -0.05872797966003418,
"input_sdr": 0.05737320027073989,
"input_sir": 0.05737424901549404,
"input_sar": 69.91020630551142,
"input_stoi": 0.7616609935773726,
"si_sdr": 8.116744756698608,
"sdr": 8.380141486374896,
"sir": 15.319922043095115,
"sar": 9.552322158360766,
"stoi": 0.889963790972881,
"mix_path": "/dtu-compute/LibriMix/rmth/Libri2Mix/wav8k/max/test/mix_clean/1089-134686-0031_1320-122612-0008.wav",
"input_wer": 0.8648648648648649,
"clean_wer": 0.0,
"wer": 0.08108108108108109
}