{
"input_si_sdr": 0.04987192153930664,
"input_sdr": 0.3659137307630089,
"input_sir": 0.3659150671226912,
"input_sar": 68.90817403570034,
"input_stoi": 0.8124186102971283,
"si_sdr": 8.84844446182251,
"sdr": 9.783798534266957,
"sir": 16.0754639665104,
"sar": 11.529339208138806,
"stoi": 0.9305855703791514,
"mix_path": "/dtu-compute/LibriMix/rmth/Libri2Mix/wav8k/max/test/mix_clean/8455-210777-0020_8463-294828-0036.wav",
"input_wer": 0.8076923076923077,
"clean_wer": 0.07692307692307693,
"wer": 0.19230769230769232
}