{
"input_si_sdr": -0.01405024528503418,
"input_sdr": 0.06837873940137396,
"input_sir": 0.06838011427254775,
"input_sar": 69.56554103581684,
"input_stoi": 0.7056304018514268,
"si_sdr": 1.1013286113739014,
"sdr": 1.3906354756082504,
"sir": 2.3446164690173283,
"sar": 13.986406577420338,
"stoi": 0.7121874548579777,
"mix_path": "/dtu-compute/LibriMix/rmth/Libri2Mix/wav8k/max/test/mix_clean/1995-1837-0019_672-122797-0023.wav",
"input_wer": 0.7777777777777778,
"clean_wer": 0.08333333333333333,
"wer": 0.7777777777777778
}