{
"input_si_sdr": -0.01800316572189331,
"input_sdr": 0.04417042174691277,
"input_sir": 0.04417115017475648,
"input_sar": 71.0009373904258,
"input_stoi": 0.6759751372580065,
"si_sdr": 4.013968467712402,
"sdr": 4.47416983086954,
"sir": 8.378955674642375,
"sar": 9.99306364082282,
"stoi": 0.6956187059890127,
"mix_path": "/dtu-compute/LibriMix/rmth/Libri2Mix/wav8k/max/test/mix_clean/1089-134686-0008_672-122797-0007.wav"
}