{
"input_si_sdr": -0.04866504669189453,
"input_sdr": 0.3202061927656965,
"input_sir": 0.3202093335510279,
"input_sar": 68.81083707183102,
"input_stoi": 0.7522419386404166,
"si_sdr": 4.496748924255371,
"sdr": 4.962443757199077,
"sir": 10.069170835318342,
"sar": 8.280888312639489,
"stoi": 0.7671190842231463,
"mix_path": "/dtu-compute/LibriMix/rmth/Libri2Mix/wav8k/max/test/mix_clean/8463-294828-0000_7176-92135-0008.wav"
}