{
"input_si_sdr": 0.06372284889221191,
"input_sdr": 0.19197990043449176,
"input_sir": 0.19198063646436614,
"input_sar": 72.27231029368119,
"input_stoi": 0.6665488557478184,
"si_sdr": 10.1823091506958,
"sdr": 10.616942364065483,
"sir": 17.85283626900227,
"sar": 12.154374253408864,
"stoi": 0.8664816253496189,
"mix_path": "/dtu-compute/LibriMix/rmth/Libri2Mix/wav8k/max/test/mix_clean/3729-6852-0013_237-134500-0002.wav",
"input_wer": 0.9523809523809523,
"clean_wer": 0.09523809523809523,
"wer": 0.14285714285714285
}