{
"input_si_sdr": -0.10111868381500244,
"input_sdr": 0.014079103215736133,
"input_sir": 0.014080438378067717,
"input_sar": 68.39562046963808,
"input_stoi": 0.6903034454527612,
"si_sdr": 5.279062271118164,
"sdr": 5.714025777512827,
"sir": 8.986143743298648,
"sar": 9.039859959412,
"stoi": 0.776215801565906,
"mix_path": "/dtu-compute/LibriMix/rmth/Libri2Mix/wav8k/max/test/mix_clean/2830-3980-0047_3729-6852-0022.wav",
"input_wer": 1.2826086956521738,
"clean_wer": 0.0,
"wer": 0.8913043478260869
}