{
"input_si_sdr": -0.028889179229736328,
"input_sdr": 0.2244133388801286,
"input_sir": 0.22441826266670883,
"input_sar": 68.27788545086777,
"input_stoi": 0.7254256619389012,
"si_sdr": 3.3589701652526855,
"sdr": 3.9081395113926227,
"sir": 5.50345253783411,
"sar": 17.106741958599738,
"stoi": 0.7485853249857166,
"mix_path": "/dtu-compute/LibriMix/rmth/Libri2Mix/wav8k/max/test/mix_clean/6829-68771-0019_672-122797-0000.wav",
"input_wer": 0.7096774193548387,
"clean_wer": 0.0967741935483871,
"wer": 0.7419354838709677
}