{
"input_si_sdr": -0.13512372970581055,
"input_sdr": 0.030502742274265637,
"input_sir": 0.030505436626956595,
"input_sar": 65.33020204510191,
"input_stoi": 0.7241413955288901,
"si_sdr": 8.681276798248291,
"sdr": 9.090612253359877,
"sir": 14.82769063334642,
"sar": 10.644834181540169,
"stoi": 0.876138507322348,
"mix_path": "/dtu-compute/LibriMix/rmth/Libri2Mix/wav8k/max/test/mix_clean/61-70968-0057_8463-287645-0012.wav",
"input_wer": 0.84,
"clean_wer": 0.04,
"wer": 0.48
}