{
"input_si_sdr": 0.011029839515686035,
"input_sdr": 0.06148566095077479,
"input_sir": 0.061487328198029934,
"input_sar": 67.44991097255135,
"input_stoi": 0.8301574006682304,
"si_sdr": 4.321311831474304,
"sdr": 4.855738885390669,
"sir": 10.097202884714843,
"sar": 7.413172596761568,
"stoi": 0.8818603522300548,
"mix_path": "/dtu-compute/LibriMix/rmth/Libri2Mix/wav8k/max/test/mix_clean/7127-75947-0025_3575-170457-0039.wav",
"input_wer": 0.9375,
"clean_wer": 0.020833333333333332,
"wer": 0.5625
}