{
"input_si_sdr": 0.07206392288208008,
"input_sdr": 0.1721369845916665,
"input_sir": 0.1721384234914538,
"input_sar": 68.95165287210335,
"input_stoi": 0.7956115457659162,
"si_sdr": 1.1939269304275513,
"sdr": 1.4957007653524625,
"sir": 3.229841048250489,
"sar": 10.69540133472063,
"stoi": 0.7247276139759116,
"mix_path": "/dtu-compute/LibriMix/rmth/Libri2Mix/wav8k/max/test/mix_clean/1995-1826-0018_6930-75918-0018.wav",
"input_wer": 0.9285714285714286,
"clean_wer": 0.023809523809523808,
"wer": 1.0476190476190477
}