{
"input_si_sdr": -0.07214933633804321,
"input_sdr": -0.042675463444872386,
"input_sir": -0.042674827117267666,
"input_sar": 71.51711616164566,
"input_stoi": 0.817960201756988,
"si_sdr": 3.522989809513092,
"sdr": 3.9870171752009487,
"sir": 5.495569501642855,
"sar": 18.190358631714858,
"stoi": 0.8221936718711903,
"mix_path": "/dtu-compute/LibriMix/rmth/Libri2Mix/wav8k/max/test/mix_clean/4507-16021-0009_2300-131720-0029.wav"
}