{
"input_si_sdr": 0.03718477487564087,
"input_sdr": 0.11384589667155331,
"input_sir": 0.11384656080114763,
"input_sar": 71.42626777067315,
"input_stoi": 0.7185594381434359,
"si_sdr": 2.740310549736023,
"sdr": 3.1807117281530353,
"sir": 3.810557003302381,
"sar": 16.68118391259762,
"stoi": 0.7160670103572508,
"mix_path": "/dtu-compute/LibriMix/rmth/Libri2Mix/wav8k/max/test/mix_clean/4507-16021-0048_2300-131720-0012.wav"
}