{
"input_si_sdr": 0.041294097900390625,
"input_sdr": 0.1471301712908044,
"input_sir": 0.1471316064613184,
"input_sar": 70.73805635558608,
"input_stoi": 0.8026388707784656,
"si_sdr": -3.897507667541504,
"sdr": -3.170120226607925,
"sir": 1.2970295193787598,
"sar": 3.4566527715143653,
"stoi": 0.7417548601381883,
"mix_path": "/dtu-compute/LibriMix/rmth/Libri2Mix/wav8k/max/test/mix_clean/1995-1826-0011_8463-287645-0014.wav",
"input_wer": 1.2333333333333334,
"clean_wer": 0.16666666666666666,
"wer": 1.1
}