{
"input_si_sdr": 0.0770578384399414,
"input_sdr": 0.296821163656491,
"input_sir": 0.2968237518328558,
"input_sar": 67.48514215675955,
"input_stoi": 0.7293687541499116,
"si_sdr": 2.017246723175049,
"sdr": 2.4895908242572657,
"sir": 4.120680430454254,
"sar": 9.722344173150065,
"stoi": 0.7206693708315643,
"mix_path": "/dtu-compute/LibriMix/rmth/Libri2Mix/wav8k/max/test/mix_clean/7127-75947-0035_1580-141084-0021.wav"
}