{
"input_si_sdr": -0.03851056098937988,
"input_sdr": 0.035956796668664914,
"input_sir": 0.03595916104352792,
"input_sar": 68.0456617201228,
"input_stoi": 0.773859377244794,
"si_sdr": 10.653556108474731,
"sdr": 10.930852401984643,
"sir": 18.385067456462718,
"sar": 11.88679926342412,
"stoi": 0.9042288436475432,
"mix_path": "/dtu-compute/LibriMix/rmth/Libri2Mix/wav8k/max/test/mix_clean/6829-68771-0003_1089-134686-0028.wav",
"input_wer": 0.9285714285714286,
"clean_wer": 0.07142857142857142,
"wer": 0.4642857142857143
}