{
"input_si_sdr": -0.14452111721038818,
"input_sdr": 0.18365900915252054,
"input_sir": 0.18366071333070333,
"input_sar": 67.97982803269514,
"input_stoi": 0.7009179620182306,
"si_sdr": 7.000506639480591,
"sdr": 7.830226893908273,
"sir": 12.251600142168012,
"sar": 10.20187133706032,
"stoi": 0.8301399229096647,
"mix_path": "/dtu-compute/LibriMix/rmth/Libri2Mix/wav8k/max/test/mix_clean/2961-961-0005_4507-16021-0005.wav",
"input_wer": 0.9411764705882353,
"clean_wer": 0.058823529411764705,
"wer": 0.7647058823529411
}