{
"input_si_sdr": -0.06250327825546265,
"input_sdr": -0.002440384971016285,
"input_sir": -0.0024394333245880695,
"input_sar": 69.7175213204521,
"input_stoi": 0.7832030375248379,
"si_sdr": 1.1226813197135925,
"sdr": 1.7872029213215037,
"sir": 4.846766649227957,
"sar": 18.331427604205594,
"stoi": 0.7902313296543074,
"mix_path": "/dtu-compute/LibriMix/rmth/Libri2Mix/wav8k/max/test/mix_clean/908-157963-0024_1188-133604-0033.wav"
}