{
"input_si_sdr": -0.2737152576446533,
"input_sdr": 0.05749671231870179,
"input_sir": 0.0574989772081258,
"input_sar": 68.21058923609283,
"input_stoi": 0.7607668173828956,
"si_sdr": 6.112923800945282,
"sdr": 6.824497766872148,
"sir": 10.51120664568276,
"sar": 10.081361226827793,
"stoi": 0.7917227343811963,
"mix_path": "/dtu-compute/LibriMix/rmth/Libri2Mix/wav8k/max/test/mix_clean/3570-5695-0015_8463-294828-0037.wav",
"input_wer": 1.131578947368421,
"clean_wer": 0.15789473684210525,
"wer": 1.2894736842105263
}