{
"input_si_sdr": 0.04987192153930664,
"input_sdr": 0.3659137307630089,
"input_sir": 0.3659150671226912,
"input_sar": 68.90817403570034,
"input_stoi": 0.8124186102971283,
"si_sdr": 4.3083717823028564,
"sdr": 5.16230333936527,
"sir": 8.866578862424282,
"sar": 8.129134794053734,
"stoi": 0.9045126256415978,
"mix_path": "/dtu-compute/LibriMix/rmth/Libri2Mix/wav8k/max/test/mix_clean/8455-210777-0020_8463-294828-0036.wav",
"input_wer": 0.8076923076923077,
"clean_wer": 0.07692307692307693,
"wer": 0.6538461538461539
}