{
"input_si_sdr": 0.07245850563049316,
"input_sdr": 0.08822002543885255,
"input_sir": 0.08822101913446101,
"input_sar": 72.0233261343154,
"input_stoi": 0.7918597437310657,
"si_sdr": 1.2125885486602783,
"sdr": 1.4447304454309444,
"sir": 2.840519011753191,
"sar": 15.983549937830093,
"stoi": 0.7559182715257501,
"mix_path": "/dtu-compute/LibriMix/rmth/Libri2Mix/wav8k/max/test/mix_clean/3575-170457-0026_1995-1826-0018.wav",
"input_wer": 0.9428571428571428,
"clean_wer": 0.014285714285714285,
"wer": 0.9428571428571428
}