{
"input_si_sdr": 0.11826252937316895,
"input_sdr": 0.22835034778437624,
"input_sir": 0.22835335005209334,
"input_sar": 66.0189555680907,
"input_stoi": 0.7817232601785155,
"si_sdr": -0.21831035614013672,
"sdr": 0.3024284937465733,
"sir": 1.070619895382928,
"sar": 18.101155214618608,
"stoi": 0.783598009233526,
"mix_path": "/dtu-compute/LibriMix/rmth/Libri2Mix/wav8k/max/test/mix_clean/2094-142345-0009_8455-210777-0035.wav"
}