{
"input_si_sdr": 0.09514045715332031,
"input_sdr": 0.19398421105615538,
"input_sir": 0.1939852380238598,
"input_sar": 70.27097110098501,
"input_stoi": 0.7805762116883772,
"si_sdr": 1.8531726598739624,
"sdr": 3.0039447692699626,
"sir": 7.962850142295065,
"sar": 13.31034682202472,
"stoi": 0.7839724912774864,
"mix_path": "/dtu-compute/LibriMix/rmth/Libri2Mix/wav8k/max/test/mix_clean/2961-960-0012_6829-68771-0015.wav"
}