{
"input_si_sdr": -0.030099153518676758,
"input_sdr": 0.006565079549536779,
"input_sir": 0.006568155426955435,
"input_sar": 64.62415450398078,
"input_stoi": 0.7813769652461129,
"si_sdr": 6.068145036697388,
"sdr": 6.260924250064125,
"sir": 10.245751403884807,
"sar": 8.884026849469658,
"stoi": 0.8478301418732244,
"mix_path": "/dtu-compute/LibriMix/rmth/Libri2Mix/wav8k/max/test/mix_clean/260-123440-0004_8455-210777-0061.wav",
"input_wer": 1.0256410256410255,
"clean_wer": 0.0641025641025641,
"wer": 0.7051282051282052
}