{
"input_si_sdr": 0.018747687339782715,
"input_sdr": 0.11663722406217047,
"input_sir": 0.11663821760600634,
"input_sar": 70.18149051673275,
"input_stoi": 0.7274224342604354,
"si_sdr": 5.731511473655701,
"sdr": 6.121038321607003,
"sir": 12.115556532466105,
"sar": 8.95853869483207,
"stoi": 0.7841098606488103,
"mix_path": "/dtu-compute/LibriMix/rmth/Libri2Mix/wav8k/max/test/mix_clean/8463-294828-0002_7176-92135-0044.wav"
}