{
"input_si_sdr": 0.10770797729492188,
"input_sdr": 0.2670364599801145,
"input_sir": 0.2670369323908295,
"input_sar": 74.21963348712833,
"input_stoi": 0.7412488473535881,
"si_sdr": 12.115941524505615,
"sdr": 12.656034742791526,
"sir": 20.934238330519257,
"sar": 13.396537088931762,
"stoi": 0.8839776351137769,
"mix_path": "/dtu-compute/LibriMix/rmth/Libri2Mix/wav8k/max/test/mix_clean/1320-122617-0012_4446-2273-0007.wav",
"input_wer": 1.1176470588235294,
"clean_wer": 0.029411764705882353,
"wer": 0.08823529411764706
}