{
"si_sdr": 5.361745796532874,
"si_sdr_imp": 5.3615922762560855,
"sdr": 5.8687266039242845,
"sdr_imp": 5.732833864907737,
"sir": 10.809746448028886,
"sir_imp": 10.673852045445324,
"sar": 9.15579357926934,
"sar_imp": -59.771407935097685,
"stoi": 0.832158242316787,
"stoi_imp": 0.06913571911242906,
"wer": 0.6136771692950558,
"wer_imp": -0.4060175144442998
}