{
"input_si_sdr": 0.013060159981250763,
"input_sdr": 0.10401871590219944,
"input_sir": 0.10402025796913235,
"input_sar": 67.56153999104583,
"input_stoi": 0.7936075560293083,
"si_sdr": -0.08926658146083355,
"sdr": 0.3023868250039152,
"sir": 1.4941235199875051,
"sar": 8.844327190234765,
"stoi": 0.7192823430412438,
"mix_path": "/dtu-compute/LibriMix/rmth/Libri2Mix/wav8k/max/test/mix_clean/5142-36377-0022_4992-41797-0015.wav",
"input_wer": 0.972972972972973,
"clean_wer": 0.08108108108108109,
"wer": 0.9594594594594594
}