{
"input_si_sdr": -0.016324758529663086,
"input_sdr": 0.16608682019597376,
"input_sir": 0.16608860009094095,
"input_sar": 67.3951051191147,
"input_stoi": 0.6943266446337382,
"si_sdr": -0.7005821466445923,
"sdr": -0.14857602939880543,
"sir": 0.6701788739465872,
"sar": 11.00372337590474,
"stoi": 0.6620320612731787,
"mix_path": "/dtu-compute/LibriMix/rmth/Libri2Mix/wav8k/max/test/mix_clean/1284-1180-0031_7127-75947-0007.wav",
"input_wer": 1.0714285714285714,
"clean_wer": 0.0,
"wer": 1.0
}