{
"input_si_sdr": 0.029208660125732422,
"input_sdr": 0.2690010398105098,
"input_sir": 0.2690026388929283,
"input_sar": 72.34294164805934,
"input_stoi": 0.785787544887081,
"si_sdr": 8.797027468681335,
"sdr": 9.29884214199533,
"sir": 15.695730684544806,
"sar": 11.309332180917167,
"stoi": 0.879284286195004,
"mix_path": "/dtu-compute/LibriMix/rmth/Libri2Mix/wav8k/max/test/mix_clean/7127-75947-0019_8463-294825-0003.wav",
"input_wer": 0.8461538461538461,
"clean_wer": 0.15384615384615385,
"wer": 0.38461538461538464
}