{
"input_si_sdr": -0.1707453727722168,
"input_sdr": 0.23318528394109173,
"input_sir": 0.23318721372320717,
"input_sar": 72.54206088059027,
"input_stoi": 0.766522219523865,
"si_sdr": 5.593779623508453,
"sdr": 6.048163156651335,
"sir": 11.242607967295038,
"sar": 8.49963063281755,
"stoi": 0.8486843025192352,
"mix_path": "/dtu-compute/LibriMix/rmth/Libri2Mix/wav8k/max/test/mix_clean/8455-210777-0019_61-70968-0051.wav",
"input_wer": 0.7027027027027027,
"clean_wer": 0.10810810810810811,
"wer": 0.4594594594594595
}