{
"input_si_sdr": 0.04220569133758545,
"input_sdr": 0.14282343749314785,
"input_sir": 0.14282707041155207,
"input_sar": 64.12027963754369,
"input_stoi": 0.7053865722001516,
"si_sdr": 9.637382984161377,
"sdr": 10.054723021427396,
"sir": 16.93349456514738,
"sar": 11.175169908276612,
"stoi": 0.8576343904807773,
"mix_path": "/dtu-compute/LibriMix/rmth/Libri2Mix/wav8k/max/test/mix_clean/7127-75946-0007_1580-141084-0034.wav",
"input_wer": 1.0384615384615385,
"clean_wer": 0.038461538461538464,
"wer": 0.15384615384615385
}