{
"input_si_sdr": 0.019996583461761475,
"input_sdr": 0.12609746861076254,
"input_sir": 0.12609883807745195,
"input_sar": 68.08708502678284,
"input_stoi": 0.7080690218909775,
"si_sdr": 7.7959699630737305,
"sdr": 8.204015419731999,
"sir": 13.324335359180646,
"sar": 10.01155642476649,
"stoi": 0.8346024186565212,
"mix_path": "/dtu-compute/LibriMix/rmth/Libri2Mix/wav8k/max/test/mix_clean/4446-2273-0022_2830-3980-0023.wav",
"input_wer": 0.9743589743589743,
"clean_wer": 0.0,
"wer": 0.3333333333333333
}