{
"input_si_sdr": 0.01564478874206543,
"input_sdr": 0.08188580349024965,
"input_sir": 0.08188738619894531,
"input_sar": 68.49463594527035,
"input_stoi": 0.8264086131286528,
"si_sdr": 1.6850934028625488,
"sdr": 1.9426343292018142,
"sir": 2.2753354119197997,
"sar": 18.253491128051493,
"stoi": 0.8366559433408838,
"mix_path": "/dtu-compute/LibriMix/rmth/Libri2Mix/wav8k/max/test/mix_clean/8230-279154-0004_7127-75947-0023.wav"
}