{
"input_si_sdr": 0.05431020259857178,
"input_sdr": 0.09916579671528947,
"input_sir": 0.09916731527727607,
"input_sar": 68.51823998518026,
"input_stoi": 0.7133955498455533,
"si_sdr": 5.7321919202804565,
"sdr": 6.081533107001673,
"sir": 13.300013345996767,
"sar": 8.343738768127452,
"stoi": 0.7766801163699882,
"mix_path": "/dtu-compute/LibriMix/rmth/Libri2Mix/wav8k/max/test/mix_clean/1221-135766-0006_7176-92135-0040.wav",
"input_wer": 1.4666666666666666,
"clean_wer": 0.016666666666666666,
"wer": 0.8666666666666667
}