{
"input_si_sdr": -0.04501044750213623,
"input_sdr": 0.09147522948278008,
"input_sir": 0.0914762644569127,
"input_sar": 69.72580184286622,
"input_stoi": 0.8145682700561028,
"si_sdr": -3.4368847608566284,
"sdr": -2.232781063709717,
"sir": 0.400978511915292,
"sar": 4.329690989449052,
"stoi": 0.6505495783796591,
"mix_path": "./data/wav8k/max/test/mix_clean/1089-134686-0000_61-70968-0047.wav"
}