{
"input_si_sdr": 0.1269693374633789,
"input_sdr": 0.35842066056902944,
"input_sir": 0.358422215369568,
"input_sar": 69.14180510976487,
"input_stoi": 0.7035369358372745,
"si_sdr": 4.593680024147034,
"sdr": 5.147521121078984,
"sir": 8.467260257501,
"sar": 14.175060383183748,
"stoi": 0.7423375345827532,
"mix_path": "/dtu-compute/LibriMix/rmth/Libri2Mix/wav8k/max/test/mix_clean/6930-75918-0008_260-123288-0006.wav",
"input_wer": 1.7,
"clean_wer": 0.05,
"wer": 1.15
}