{
"input_si_sdr": 0.0562213659286499,
"input_sdr": 0.12217675563469543,
"input_sir": 0.12217852727510259,
"input_sar": 67.05889895194349,
"input_stoi": 0.7425800616001481,
"si_sdr": 0.6367691159248352,
"sdr": 1.1385794596710936,
"sir": 2.6142578768231983,
"sar": 13.938983016745741,
"stoi": 0.7375432812988751,
"mix_path": "/dtu-compute/LibriMix/rmth/Libri2Mix/wav8k/max/test/mix_clean/3729-6852-0039_672-122797-0067.wav",
"input_wer": 1.0,
"clean_wer": 0.0,
"wer": 1.0701754385964912
}