{
"input_si_sdr": -0.035512447357177734,
"input_sdr": 0.2141923745600831,
"input_sir": 0.21419425374113654,
"input_sar": 70.32942069065729,
"input_stoi": 0.6858810399174646,
"si_sdr": 8.039653539657593,
"sdr": 8.550232780813442,
"sir": 14.106621467861927,
"sar": 10.304991608088683,
"stoi": 0.8349055784693604,
"mix_path": "/dtu-compute/LibriMix/rmth/Libri2Mix/wav8k/max/test/mix_clean/7729-102255-0014_4446-2271-0011.wav",
"input_wer": 0.6956521739130435,
"clean_wer": 0.043478260869565216,
"wer": 0.9130434782608695
}