{
"input_si_sdr": 0.1551651954650879,
"input_sdr": 0.37328889314987856,
"input_sir": 0.37329137240439847,
"input_sar": 67.6450015041174,
"input_stoi": 0.7839137919519146,
"si_sdr": 6.1714653968811035,
"sdr": 6.646357916573237,
"sir": 11.805236090653958,
"sar": 8.85309685877845,
"stoi": 0.8243327862668091,
"mix_path": "/dtu-compute/LibriMix/rmth/Libri2Mix/wav8k/max/test/mix_clean/121-127105-0019_7176-88083-0026.wav",
"input_wer": 1.0,
"clean_wer": 0.10344827586206896,
"wer": 0.8275862068965517
}