{
"input_si_sdr": 0.048244476318359375,
"input_sdr": 0.3221988972542347,
"input_sir": 0.322200160789369,
"input_sar": 72.18518752882899,
"input_stoi": 0.759991309676906,
"si_sdr": -3.4045746326446533,
"sdr": -3.2567152778151645,
"sir": 1.6589234665965362,
"sar": 8.759123457119045,
"stoi": 0.6976657927567006,
"mix_path": "/dtu-compute/LibriMix/rmth/Libri2Mix/wav8k/max/test/mix_clean/260-123440-0005_8555-284447-0014.wav",
"input_wer": 0.8857142857142857,
"clean_wer": 0.0,
"wer": 0.8857142857142857
}