{
"input_si_sdr": 0.23829150199890137,
"input_sdr": 0.3818182188238799,
"input_sir": 0.3818201063047084,
"input_sar": 69.64021432376533,
"input_stoi": 0.7992876713480279,
"si_sdr": 8.51056957244873,
"sdr": 8.999906018153574,
"sir": 18.16114954651566,
"sar": 10.238175966379245,
"stoi": 0.8583886799490095,
"mix_path": "/dtu-compute/LibriMix/rmth/Libri2Mix/wav8k/max/test/mix_clean/4446-2271-0014_3570-5694-0003.wav",
"input_wer": 1.0,
"clean_wer": 0.07042253521126761,
"wer": 0.2676056338028169
}