{
"input_si_sdr": -0.022733211517333984,
"input_sdr": 0.03481964045818753,
"input_sir": 0.03482228352483663,
"input_sar": 66.60055842568968,
"input_stoi": 0.8315176149631323,
"si_sdr": 6.812452793121338,
"sdr": 7.288399871482122,
"sir": 12.834155313348433,
"sar": 9.121555225895118,
"stoi": 0.8935088537123421,
"mix_path": "/dtu-compute/LibriMix/rmth/Libri2Mix/wav8k/max/test/mix_clean/672-122797-0060_237-134500-0015.wav",
"input_wer": 1.1,
"clean_wer": 0.025,
"wer": 0.8
}