{
"input_si_sdr": 0.0875244140625,
"input_sdr": 0.16351175360038495,
"input_sir": 0.16351454444410862,
"input_sar": 65.74058571961773,
"input_stoi": 0.6782173433348684,
"si_sdr": 2.9887274503707886,
"sdr": 3.592565447488009,
"sir": 7.2704759881351935,
"sar": 7.08391604939022,
"stoi": 0.766997159724317,
"mix_path": "/dtu-compute/LibriMix/rmth/Libri2Mix/wav8k/max/test/mix_clean/5683-32866-0020_8463-294828-0032.wav",
"input_wer": 1.0833333333333333,
"clean_wer": 0.125,
"wer": 0.7916666666666666
}