{
"input_si_sdr": -0.02625274658203125,
"input_sdr": 0.1188258149556427,
"input_sir": 0.11882646895394666,
"input_sar": 73.73790226195138,
"input_stoi": 0.7350809224215291,
"si_sdr": 5.990305304527283,
"sdr": 6.261954046835799,
"sir": 10.106915517593393,
"sar": 9.94504774538908,
"stoi": 0.8513202940451545,
"mix_path": "/dtu-compute/LibriMix/rmth/Libri2Mix/wav8k/max/test/mix_clean/1320-122617-0037_3570-5695-0009.wav",
"input_wer": 0.7631578947368421,
"clean_wer": 0.0,
"wer": 0.5
}