{
"input_si_sdr": 0.010037600994110107,
"input_sdr": 0.04934673710369131,
"input_sir": 0.04935057970923057,
"input_sar": 63.62834865979694,
"input_stoi": 0.8267128420011002,
"si_sdr": 0.00217515230178833,
"sdr": 0.10506982858508807,
"sir": 0.16888127684828536,
"sar": 25.38249401768551,
"stoi": 0.8186770061687886,
"mix_path": "/dtu-compute/LibriMix/rmth/Libri2Mix/wav8k/max/test/mix_clean/6930-81414-0014_1580-141083-0049.wav"
}