{
"input_si_sdr": 0.10570436716079712,
"input_sdr": 0.17343028919952475,
"input_sir": 0.1734322651713276,
"input_sar": 66.70444552119531,
"input_stoi": 0.8060538984472326,
"si_sdr": 3.6227532625198364,
"sdr": 4.264530233249362,
"sir": 9.86151168377193,
"sar": 6.971335119081731,
"stoi": 0.8385877269542575,
"mix_path": "/dtu-compute/LibriMix/rmth/Libri2Mix/wav8k/max/test/mix_clean/8463-287645-0002_260-123440-0015.wav",
"input_wer": 1.1578947368421053,
"clean_wer": 0.14035087719298245,
"wer": 1.0701754385964912
}