{
"input_si_sdr": 0.0029240846633911133,
"input_sdr": 0.050513415091375524,
"input_sir": 0.050517448215068095,
"input_sar": 63.78609190100622,
"input_stoi": 0.7327303430375078,
"si_sdr": 10.77635908126831,
"sdr": 12.067023986256885,
"sir": 18.541557418962476,
"sar": 13.995591270621361,
"stoi": 0.9121763073861158,
"mix_path": "/dtu-compute/LibriMix/rmth/Libri2Mix/wav8k/max/test/mix_clean/1320-122617-0020_6930-76324-0028.wav",
"input_wer": 1.0,
"clean_wer": 0.0,
"wer": 0.12
}