{
"input_si_sdr": 0.08515071868896484,
"input_sdr": 0.2362587910579772,
"input_sir": 0.23626064781289324,
"input_sar": 69.79946913533428,
"input_stoi": 0.7320215393327067,
"si_sdr": 6.012896537780762,
"sdr": 6.485346991671341,
"sir": 11.106310268123618,
"sar": 8.785488878705813,
"stoi": 0.8268549732363173,
"mix_path": "/dtu-compute/LibriMix/rmth/Libri2Mix/wav8k/max/test/mix_clean/260-123440-0005_7127-75947-0026.wav",
"input_wer": 0.9166666666666666,
"clean_wer": 0.125,
"wer": 0.7916666666666666
}