{
"input_si_sdr": 0.03023427724838257,
"input_sdr": 0.08355047961735695,
"input_sir": 0.08355103576507161,
"input_sar": 72.19497470286599,
"input_stoi": 0.7779346729193944,
"si_sdr": -3.0033646523952484,
"sdr": -2.0672438461380573,
"sir": 0.26553182512112006,
"sar": 4.969438417442354,
"stoi": 0.5937039658672416,
"mix_path": "./data/wav8k/max/test/mix_clean/1089-134686-0002_7729-102255-0037.wav"
}