{
"input_si_sdr": 0.11092159897089005,
"input_sdr": 0.2908754559109329,
"input_sir": 0.2908776987946122,
"input_sar": 66.02794836167719,
"input_stoi": 0.7116960655936717,
"si_sdr": 8.048987865447998,
"sdr": 8.464203524254877,
"sir": 14.832609883822384,
"sar": 9.906963045870402,
"stoi": 0.8256346100883489,
"mix_path": "/dtu-compute/LibriMix/rmth/Libri2Mix/wav8k/max/test/mix_clean/1089-134691-0014_7127-75947-0023.wav",
"input_wer": 0.9130434782608695,
"clean_wer": 0.17391304347826086,
"wer": 0.43478260869565216
}