{
"input_si_sdr": 0.14531779289245605,
"input_sdr": 0.6900651440375449,
"input_sir": 0.6900677914680302,
"input_sar": 65.93027748757527,
"input_stoi": 0.7171881047808167,
"si_sdr": 4.088667511940002,
"sdr": 5.212059978197821,
"sir": 8.433758923022435,
"sar": 9.679091043909601,
"stoi": 0.7819988306314234,
"mix_path": "/dtu-compute/LibriMix/rmth/Libri2Mix/wav8k/max/test/mix_clean/1188-133604-0014_4992-23283-0016.wav",
"input_wer": 1.0909090909090908,
"clean_wer": 0.045454545454545456,
"wer": 0.6818181818181818
}