{
"input_si_sdr": -0.03269833326339722,
"input_sdr": 0.1593887730605812,
"input_sir": 0.1593900371916458,
"input_sar": 68.59740068379043,
"input_stoi": 0.7418030616699987,
"si_sdr": 11.81618881225586,
"sdr": 12.530739577562041,
"sir": 20.068619243139306,
"sar": 13.420038058353548,
"stoi": 0.9043390804905822,
"mix_path": "/dtu-compute/LibriMix/rmth/Libri2Mix/wav8k/max/test/mix_clean/1580-141084-0016_8455-210777-0037.wav",
"input_wer": 1.0344827586206897,
"clean_wer": 0.034482758620689655,
"wer": 0.1724137931034483
}