{
"input_si_sdr": -0.08982706069946289,
"input_sdr": 0.020100538290068748,
"input_sir": 0.02010298228281604,
"input_sar": 67.29522955910622,
"input_stoi": 0.7523208010309823,
"si_sdr": 8.92824411392212,
"sdr": 9.725451325214305,
"sir": 15.734611340781594,
"sar": 11.14407021838029,
"stoi": 0.8563728451473986,
"mix_path": "/dtu-compute/LibriMix/rmth/Libri2Mix/wav8k/max/test/mix_clean/260-123286-0003_7127-75947-0014.wav",
"input_wer": 0.75,
"clean_wer": 0.022727272727272728,
"wer": 0.22727272727272727
}