{
"input_si_sdr": -0.01995980739593506,
"input_sdr": 0.0833889931293188,
"input_sir": 0.08338961203335593,
"input_sar": 72.2069755854435,
"input_stoi": 0.7735141592363237,
"si_sdr": 7.089820384979248,
"sdr": 7.4825229337983785,
"sir": 11.32983404090406,
"sar": 10.578487875186674,
"stoi": 0.8808116987377239,
"mix_path": "/dtu-compute/LibriMix/rmth/Libri2Mix/wav8k/max/test/mix_clean/3575-170457-0032_8455-210777-0058.wav",
"input_wer": 0.967741935483871,
"clean_wer": 0.16129032258064516,
"wer": 0.9354838709677419
}