{
"input_si_sdr": -0.09367060661315918,
"input_sdr": -0.04384473887337448,
"input_sir": -0.04384405480515091,
"input_sar": 71.06411834587396,
"input_stoi": 0.7417773251424064,
"si_sdr": 6.827711820602417,
"sdr": 7.172889348290742,
"sir": 13.17123370765027,
"sar": 8.662212185929551,
"stoi": 0.8555958894819137,
"mix_path": "/dtu-compute/LibriMix/rmth/Libri2Mix/wav8k/max/test/mix_clean/4446-2271-0001_1221-135767-0001.wav",
"input_wer": 1.0,
"clean_wer": 0.0,
"wer": 0.5689655172413793
}