{
"input_si_sdr": 0.08838558197021484,
"input_sdr": 0.21226166515957479,
"input_sir": 0.21226318598654448,
"input_sar": 69.77170515245203,
"input_stoi": 0.7919141938197444,
"si_sdr": 1.9533694982528687,
"sdr": 2.6743705414610743,
"sir": 4.656895024180165,
"sar": 14.48461109833417,
"stoi": 0.8093347876776509,
"mix_path": "/dtu-compute/LibriMix/rmth/Libri2Mix/wav8k/max/test/mix_clean/1284-1181-0000_121-121726-0008.wav",
"input_wer": 2.0,
"clean_wer": 0.07142857142857142,
"wer": 1.9285714285714286
}