{
"input_si_sdr": 0.03577685356140137,
"input_sdr": 0.20307313532453053,
"input_sir": 0.2030741810833776,
"input_sar": 69.4788307361365,
"input_stoi": 0.7281434170134687,
"si_sdr": 10.122529029846191,
"sdr": 10.815277029589446,
"sir": 17.02668312159347,
"sar": 12.104619560029278,
"stoi": 0.8801312079990544,
"mix_path": "/dtu-compute/LibriMix/rmth/Libri2Mix/wav8k/max/test/mix_clean/672-122797-0052_4507-16021-0018.wav",
"input_wer": 1.0714285714285714,
"clean_wer": 0.0,
"wer": 0.2857142857142857
}